<?xml version="1.0" encoding="UTF-8"?>
<SchematicTopology Version="2.3" Seed="1" Grid="25">
    <BasePath>E:/Projects/2021_3/WiFiPCB_Antenna_US/WiFi_Antenna/Model/DS</BasePath>
    <Block ForeignId="44067859" Id="1" Class="MWSSCHEM">
        <Size Height="150" Width="150"/>
        <Pins>
            <Pin X="-75" Y="0" Index="0" BlockPosition="Left">
                <Label>1</Label>
            </Pin>
        </Pins>
        <Image Scale="AutoFit" FileName="../3D/Model.dib"/>
        <Pos X="75" Y="75"/>
        <ToolTip>CST MICROWAVE STUDIO schematic block MWSSCHEM1</ToolTip>
    </Block>
</SchematicTopology>
