<?xml version="1.0" encoding="UTF-8"?>
<export version="D">
  <design>
    <source>C:\Users\Milton Smith\Documents\Pendant\Pendant.sch</source>
    <date>7/13/2020 9:42:47 PM</date>
    <tool>Eeschema (5.1.5)-3</tool>
    <sheet number="1" name="/" tstamps="/">
      <title_block>
        <title/>
        <company/>
        <rev/>
        <date/>
        <source>Pendant.sch</source>
        <comment number="1" value=""/>
        <comment number="2" value=""/>
        <comment number="3" value=""/>
        <comment number="4" value=""/>
      </title_block>
    </sheet>
  </design>
  <components>
    <comp ref="LS1">
      <value>Speaker</value>
      <footprint>Resistor_THT:R_Axial_DIN0204_L3.6mm_D1.6mm_P2.54mm_Vertical</footprint>
      <datasheet>~</datasheet>
      <libsource lib="Device" part="Speaker" description="Speaker"/>
      <sheetpath names="/" tstamps="/"/>
      <tstamp>5E8C368A</tstamp>
    </comp>
    <comp ref="U2">
      <value>LIS3DH</value>
      <footprint>Package_LGA:LGA-16_3x3mm_P0.5mm_LayoutBorder3x5y</footprint>
      <datasheet>STMicroelectronics</datasheet>
      <libsource lib="Pendant-rescue" part="LIS3DH-LIS3DH" description=""/>
      <sheetpath names="/" tstamps="/"/>
      <tstamp>5E8C5821</tstamp>
    </comp>
    <comp ref="MK1">
      <value>Microphone</value>
      <footprint>Resistor_THT:R_Axial_DIN0204_L3.6mm_D1.6mm_P2.54mm_Vertical</footprint>
      <datasheet>~</datasheet>
      <libsource lib="Device" part="Microphone" description="Microphone"/>
      <sheetpath names="/" tstamps="/"/>
      <tstamp>5E9A6514</tstamp>
    </comp>
    <comp ref="M1">
      <value>Vibrator</value>
      <footprint>Resistor_THT:R_Axial_DIN0204_L3.6mm_D1.6mm_P2.54mm_Vertical</footprint>
      <datasheet>~</datasheet>
      <libsource lib="Motor" part="Motor_DC" description="DC Motor"/>
      <sheetpath names="/" tstamps="/"/>
      <tstamp>5E9A8024</tstamp>
    </comp>
    <comp ref="R9">
      <value>100</value>
      <footprint>Resistor_SMD:R_0603_1608Metric</footprint>
      <datasheet>~</datasheet>
      <libsource lib="Device" part="R" description="Resistor"/>
      <sheetpath names="/" tstamps="/"/>
      <tstamp>5E8DAC11</tstamp>
    </comp>
    <comp ref="R4">
      <value>20k</value>
      <footprint>Resistor_SMD:R_0402_1005Metric</footprint>
      <datasheet>~</datasheet>
      <libsource lib="Device" part="R" description="Resistor"/>
      <sheetpath names="/" tstamps="/"/>
      <tstamp>5EA27328</tstamp>
    </comp>
    <comp ref="R6">
      <value>10k</value>
      <footprint>Resistor_SMD:R_0402_1005Metric</footprint>
      <datasheet>~</datasheet>
      <libsource lib="Device" part="R" description="Resistor"/>
      <sheetpath names="/" tstamps="/"/>
      <tstamp>5EA33323</tstamp>
    </comp>
    <comp ref="R1">
      <value>20k</value>
      <footprint>Resistor_SMD:R_0402_1005Metric</footprint>
      <datasheet>~</datasheet>
      <libsource lib="Device" part="R" description="Resistor"/>
      <sheetpath names="/" tstamps="/"/>
      <tstamp>5ED544D3</tstamp>
    </comp>
    <comp ref="R5">
      <value>10k</value>
      <footprint>Resistor_SMD:R_0402_1005Metric</footprint>
      <datasheet>~</datasheet>
      <libsource lib="Device" part="R" description="Resistor"/>
      <sheetpath names="/" tstamps="/"/>
      <tstamp>5EA6FDFE</tstamp>
    </comp>
    <comp ref="D2">
      <value>LED</value>
      <footprint>Resistor_SMD:R_1206_3216Metric</footprint>
      <datasheet>~</datasheet>
      <libsource lib="Device" part="LED" description="Light emitting diode"/>
      <sheetpath names="/" tstamps="/"/>
      <tstamp>5E9F7C56</tstamp>
    </comp>
    <comp ref="3.6V1">
      <value>14250</value>
      <footprint>Resistor_THT:R_Axial_DIN0204_L3.6mm_D1.6mm_P2.54mm_Vertical</footprint>
      <datasheet>~</datasheet>
      <libsource lib="Device" part="Battery_Cell" description="Single-cell battery"/>
      <sheetpath names="/" tstamps="/"/>
      <tstamp>5E8C6505</tstamp>
    </comp>
    <comp ref="AE1">
      <value>Antenna_Chip</value>
      <footprint>Resistor_SMD:R_0805_2012Metric</footprint>
      <datasheet>~</datasheet>
      <libsource lib="Device" part="Antenna_Chip" description="Ceramic chip antenna with pin for PCB trace"/>
      <sheetpath names="/" tstamps="/"/>
      <tstamp>5E8C2D9C</tstamp>
    </comp>
    <comp ref="SW1">
      <value>SW_Push</value>
      <footprint>Resistor_THT:R_Axial_DIN0204_L3.6mm_D1.6mm_P2.54mm_Vertical</footprint>
      <datasheet>~</datasheet>
      <libsource lib="Switch" part="SW_Push" description="Push button switch, generic, two pins"/>
      <sheetpath names="/" tstamps="/"/>
      <tstamp>5E8C1767</tstamp>
    </comp>
    <comp ref="U1">
      <value>ESP32-PICO-D4</value>
      <footprint>Package_DFN_QFN:QFN-48-1EP_6x6mm_P0.4mm_EP4.2x4.2mm</footprint>
      <datasheet>https://espressif.com/sites/default/files/documentation/esp32_datasheet_en_0.pdf</datasheet>
      <libsource lib="espressif-xess" part="ESP32" description="ESP32 Espressif Wi-Fi/Bluetooth SOC, 48 pins, 0.4mm pitch, 6x6mm QFN48."/>
      <sheetpath names="/" tstamps="/"/>
      <tstamp>5E8AC8D8</tstamp>
    </comp>
    <comp ref="C7">
      <value>0.1uf</value>
      <footprint>Capacitor_SMD:C_0402_1005Metric</footprint>
      <datasheet>~</datasheet>
      <libsource lib="Device" part="C" description="Unpolarized capacitor"/>
      <sheetpath names="/" tstamps="/"/>
      <tstamp>5EA9BA4E</tstamp>
    </comp>
    <comp ref="C3">
      <value>0.1uf</value>
      <footprint>Capacitor_SMD:C_0402_1005Metric</footprint>
      <datasheet>~</datasheet>
      <libsource lib="Device" part="C" description="Unpolarized capacitor"/>
      <sheetpath names="/" tstamps="/"/>
      <tstamp>5EB45771</tstamp>
    </comp>
    <comp ref="R7">
      <value>5k</value>
      <footprint>Resistor_SMD:R_0402_1005Metric</footprint>
      <datasheet>~</datasheet>
      <libsource lib="Device" part="R" description="Resistor"/>
      <sheetpath names="/" tstamps="/"/>
      <tstamp>5EC2DC13</tstamp>
    </comp>
    <comp ref="C1">
      <value>270pf</value>
      <footprint>Capacitor_SMD:C_0402_1005Metric</footprint>
      <datasheet>~</datasheet>
      <libsource lib="Device" part="C" description="Unpolarized capacitor"/>
      <sheetpath names="/" tstamps="/"/>
      <tstamp>5EC45D33</tstamp>
    </comp>
    <comp ref="C2">
      <value>270pf</value>
      <footprint>Capacitor_SMD:C_0402_1005Metric</footprint>
      <datasheet>~</datasheet>
      <libsource lib="Device" part="C" description="Unpolarized capacitor"/>
      <sheetpath names="/" tstamps="/"/>
      <tstamp>5EC461C1</tstamp>
    </comp>
    <comp ref="R3">
      <value>5k</value>
      <footprint>Resistor_SMD:R_0402_1005Metric</footprint>
      <datasheet>~</datasheet>
      <libsource lib="Device" part="R" description="Resistor"/>
      <sheetpath names="/" tstamps="/"/>
      <tstamp>5ED79772</tstamp>
    </comp>
    <comp ref="C5">
      <value>0.1uf</value>
      <footprint>Capacitor_SMD:C_0402_1005Metric</footprint>
      <datasheet>~</datasheet>
      <libsource lib="Device" part="C" description="Unpolarized capacitor"/>
      <sheetpath names="/" tstamps="/"/>
      <tstamp>5EDE60F0</tstamp>
    </comp>
    <comp ref="C6">
      <value>0.1uf</value>
      <footprint>Capacitor_SMD:C_0402_1005Metric</footprint>
      <datasheet>~</datasheet>
      <libsource lib="Device" part="C" description="Unpolarized capacitor"/>
      <sheetpath names="/" tstamps="/"/>
      <tstamp>5F191558</tstamp>
    </comp>
    <comp ref="R2">
      <value>20k</value>
      <footprint>Resistor_SMD:R_0402_1005Metric</footprint>
      <datasheet>~</datasheet>
      <libsource lib="Device" part="R" description="Resistor"/>
      <sheetpath names="/" tstamps="/"/>
      <tstamp>5E977310</tstamp>
    </comp>
    <comp ref="C4">
      <value>0.01uf</value>
      <footprint>Capacitor_SMD:C_0402_1005Metric</footprint>
      <datasheet>~</datasheet>
      <libsource lib="Device" part="C" description="Unpolarized capacitor"/>
      <sheetpath names="/" tstamps="/"/>
      <tstamp>5E9780D1</tstamp>
    </comp>
    <comp ref="Q1">
      <value>2N2222a</value>
      <footprint>Package_TO_SOT_SMD:SOT-23</footprint>
      <datasheet>~</datasheet>
      <libsource lib="Device" part="Q_NPN_BCE" description="NPN transistor, base/collector/emitter"/>
      <sheetpath names="/" tstamps="/"/>
      <tstamp>5EA34E27</tstamp>
    </comp>
    <comp ref="R10">
      <value>100</value>
      <footprint>Resistor_SMD:R_0603_1608Metric</footprint>
      <datasheet>~</datasheet>
      <libsource lib="Device" part="R" description="Resistor"/>
      <sheetpath names="/" tstamps="/"/>
      <tstamp>5E91AD71</tstamp>
    </comp>
    <comp ref="C8">
      <value>0.1uf</value>
      <footprint>Capacitor_SMD:C_0402_1005Metric</footprint>
      <datasheet>~</datasheet>
      <libsource lib="Device" part="C" description="Unpolarized capacitor"/>
      <sheetpath names="/" tstamps="/"/>
      <tstamp>5E9E8CBC</tstamp>
    </comp>
    <comp ref="D1">
      <value>SD0603</value>
      <footprint>Resistor_SMD:R_0603_1608Metric</footprint>
      <datasheet>~</datasheet>
      <fields>
        <field name="Spice_Netlist_Enabled">Y</field>
        <field name="Spice_Primitive">V</field>
      </fields>
      <libsource lib="Simulation_SPICE" part="DIODE" description="Diode, anode on pin 1, for simulation only!"/>
      <sheetpath names="/" tstamps="/"/>
      <tstamp>5E9F16AA</tstamp>
    </comp>
    <comp ref="R8">
      <value>100</value>
      <footprint>Resistor_SMD:R_0402_1005Metric</footprint>
      <datasheet>~</datasheet>
      <libsource lib="Device" part="R" description="Resistor"/>
      <sheetpath names="/" tstamps="/"/>
      <tstamp>5E9FF650</tstamp>
    </comp>
    <comp ref="Q2">
      <value>2N2222a</value>
      <footprint>Package_TO_SOT_SMD:SOT-23</footprint>
      <datasheet>~</datasheet>
      <libsource lib="Device" part="Q_NPN_BCE" description="NPN transistor, base/collector/emitter"/>
      <sheetpath names="/" tstamps="/"/>
      <tstamp>5EBEF07A</tstamp>
    </comp>
    <comp ref="J1">
      <value>PCB Pads</value>
      <footprint>Connector_Molex:Molex_KK-254_AE-6410-04A_1x04_P2.54mm_Vertical</footprint>
      <datasheet>~</datasheet>
      <libsource lib="Connector" part="Screw_Terminal_01x06" description="Generic screw terminal, single row, 01x06, script generated (kicad-library-utils/schlib/autogen/connector/)"/>
      <sheetpath names="/" tstamps="/"/>
      <tstamp>5EAB4DBD</tstamp>
    </comp>
    <comp ref="C9">
      <value>2.2pf</value>
      <footprint>Capacitor_SMD:C_0402_1005Metric</footprint>
      <datasheet>~</datasheet>
      <libsource lib="Device" part="C" description="Unpolarized capacitor"/>
      <sheetpath names="/" tstamps="/"/>
      <tstamp>5EAF0883</tstamp>
    </comp>
    <comp ref="C10">
      <value>4.7pf</value>
      <footprint>Capacitor_SMD:C_0402_1005Metric</footprint>
      <datasheet>~</datasheet>
      <libsource lib="Device" part="C" description="Unpolarized capacitor"/>
      <sheetpath names="/" tstamps="/"/>
      <tstamp>5EAF0D4B</tstamp>
    </comp>
    <comp ref="L1">
      <value>1.6nH</value>
      <footprint>Inductor_SMD:L_0402_1005Metric</footprint>
      <datasheet>~</datasheet>
      <libsource lib="pspice" part="INDUCTOR" description="Inductor symbol for simulation only"/>
      <sheetpath names="/" tstamps="/"/>
      <tstamp>5EAF18C4</tstamp>
    </comp>
    <comp ref="C12">
      <value>0.1uf</value>
      <datasheet>~</datasheet>
      <libsource lib="Device" part="C" description="Unpolarized capacitor"/>
      <sheetpath names="/" tstamps="/"/>
      <tstamp>5F0B7D76</tstamp>
    </comp>
    <comp ref="C11">
      <value>10uf</value>
      <datasheet>~</datasheet>
      <libsource lib="Device" part="C" description="Unpolarized capacitor"/>
      <sheetpath names="/" tstamps="/"/>
      <tstamp>5F0BCCF6</tstamp>
    </comp>
  </components>
  <libparts>
    <libpart lib="Connector" part="Screw_Terminal_01x06">
      <description>Generic screw terminal, single row, 01x06, script generated (kicad-library-utils/schlib/autogen/connector/)</description>
      <docs>~</docs>
      <footprints>
        <fp>TerminalBlock*:*</fp>
      </footprints>
      <fields>
        <field name="Reference">J</field>
        <field name="Value">Screw_Terminal_01x06</field>
      </fields>
      <pins>
        <pin num="1" name="Pin_1" type="passive"/>
        <pin num="2" name="Pin_2" type="passive"/>
        <pin num="3" name="Pin_3" type="passive"/>
        <pin num="4" name="Pin_4" type="passive"/>
        <pin num="5" name="Pin_5" type="passive"/>
        <pin num="6" name="Pin_6" type="passive"/>
      </pins>
    </libpart>
    <libpart lib="Device" part="Antenna_Chip">
      <description>Ceramic chip antenna with pin for PCB trace</description>
      <docs>~</docs>
      <fields>
        <field name="Reference">AE</field>
        <field name="Value">Antenna_Chip</field>
      </fields>
      <pins>
        <pin num="1" name="FEED" type="input"/>
        <pin num="2" name="PCB_Trace" type="passive"/>
      </pins>
    </libpart>
    <libpart lib="Device" part="Battery_Cell">
      <description>Single-cell battery</description>
      <docs>~</docs>
      <fields>
        <field name="Reference">BT</field>
        <field name="Value">Battery_Cell</field>
      </fields>
      <pins>
        <pin num="1" name="+" type="passive"/>
        <pin num="2" name="-" type="passive"/>
      </pins>
    </libpart>
    <libpart lib="Device" part="C">
      <description>Unpolarized capacitor</description>
      <docs>~</docs>
      <footprints>
        <fp>C_*</fp>
      </footprints>
      <fields>
        <field name="Reference">C</field>
        <field name="Value">C</field>
      </fields>
      <pins>
        <pin num="1" name="~" type="passive"/>
        <pin num="2" name="~" type="passive"/>
      </pins>
    </libpart>
    <libpart lib="Device" part="LED">
      <description>Light emitting diode</description>
      <docs>~</docs>
      <footprints>
        <fp>LED*</fp>
        <fp>LED_SMD:*</fp>
        <fp>LED_THT:*</fp>
      </footprints>
      <fields>
        <field name="Reference">D</field>
        <field name="Value">LED</field>
      </fields>
      <pins>
        <pin num="1" name="K" type="passive"/>
        <pin num="2" name="A" type="passive"/>
      </pins>
    </libpart>
    <libpart lib="Device" part="Microphone">
      <description>Microphone</description>
      <docs>~</docs>
      <fields>
        <field name="Reference">MK</field>
        <field name="Value">Microphone</field>
      </fields>
      <pins>
        <pin num="1" name="-" type="passive"/>
        <pin num="2" name="+" type="passive"/>
      </pins>
    </libpart>
    <libpart lib="Device" part="Q_NPN_BCE">
      <description>NPN transistor, base/collector/emitter</description>
      <docs>~</docs>
      <fields>
        <field name="Reference">Q</field>
        <field name="Value">Q_NPN_BCE</field>
      </fields>
      <pins>
        <pin num="1" name="B" type="input"/>
        <pin num="2" name="C" type="passive"/>
        <pin num="3" name="E" type="passive"/>
      </pins>
    </libpart>
    <libpart lib="Device" part="R">
      <description>Resistor</description>
      <docs>~</docs>
      <footprints>
        <fp>R_*</fp>
      </footprints>
      <fields>
        <field name="Reference">R</field>
        <field name="Value">R</field>
      </fields>
      <pins>
        <pin num="1" name="~" type="passive"/>
        <pin num="2" name="~" type="passive"/>
      </pins>
    </libpart>
    <libpart lib="Device" part="Speaker">
      <description>Speaker</description>
      <docs>~</docs>
      <fields>
        <field name="Reference">LS</field>
        <field name="Value">Speaker</field>
      </fields>
      <pins>
        <pin num="1" name="1" type="input"/>
        <pin num="2" name="2" type="input"/>
      </pins>
    </libpart>
    <libpart lib="Motor" part="Motor_DC">
      <description>DC Motor</description>
      <docs>~</docs>
      <footprints>
        <fp>PinHeader*P2.54mm*</fp>
        <fp>TerminalBlock*</fp>
      </footprints>
      <fields>
        <field name="Reference">M</field>
        <field name="Value">Motor_DC</field>
      </fields>
      <pins>
        <pin num="1" name="+" type="passive"/>
        <pin num="2" name="-" type="passive"/>
      </pins>
    </libpart>
    <libpart lib="Pendant-rescue" part="LIS3DH-LIS3DH">
      <fields>
        <field name="Reference">U</field>
        <field name="Value">LIS3DH-LIS3DH</field>
        <field name="Footprint">PQFN50P300X300X100-16N</field>
        <field name="Datasheet">STMicroelectronics</field>
      </fields>
      <pins>
        <pin num="1" name="VDD_IO" type="power_in"/>
        <pin num="4" name="SCL/SPC" type="input"/>
        <pin num="5" name="GND" type="power_in"/>
        <pin num="6" name="SDA/SDI/SDO" type="input"/>
        <pin num="7" name="SDO/SA0" type="output"/>
        <pin num="8" name="CS" type="input"/>
        <pin num="9" name="INT2" type="input"/>
        <pin num="10" name="RES" type="power_in"/>
        <pin num="11" name="INT1" type="input"/>
        <pin num="12" name="GND1" type="power_in"/>
        <pin num="13" name="ADC3" type="input"/>
        <pin num="14" name="VDD" type="power_in"/>
        <pin num="15" name="ADC2" type="input"/>
        <pin num="16" name="ADC1" type="input"/>
      </pins>
    </libpart>
    <libpart lib="Simulation_SPICE" part="DIODE">
      <description>Diode, anode on pin 1, for simulation only!</description>
      <docs>~</docs>
      <fields>
        <field name="Reference">D</field>
        <field name="Value">DIODE</field>
        <field name="Spice_Netlist_Enabled">Y</field>
        <field name="Spice_Primitive">V</field>
      </fields>
      <pins>
        <pin num="1" name="A" type="passive"/>
        <pin num="2" name="K" type="passive"/>
      </pins>
    </libpart>
    <libpart lib="Switch" part="SW_Push">
      <description>Push button switch, generic, two pins</description>
      <docs>~</docs>
      <fields>
        <field name="Reference">SW</field>
        <field name="Value">SW_Push</field>
      </fields>
      <pins>
        <pin num="1" name="1" type="passive"/>
        <pin num="2" name="2" type="passive"/>
      </pins>
    </libpart>
    <libpart lib="espressif-xess" part="ESP32">
      <description>ESP32 Espressif Wi-Fi/Bluetooth SOC, 48 pins, 0.4mm pitch, 6x6mm QFN48.</description>
      <docs>https://espressif.com/sites/default/files/documentation/esp32_datasheet_en_0.pdf</docs>
      <fields>
        <field name="Reference">U</field>
        <field name="Value">ESP32</field>
      </fields>
      <pins>
        <pin num="1" name="VDDA" type="power_in"/>
        <pin num="2" name="LNA_IN" type="unspc"/>
        <pin num="3" name="VDD3P3" type="power_in"/>
        <pin num="4" name="VDD3P3" type="power_in"/>
        <pin num="5" name="SENSOR_VP" type="input"/>
        <pin num="6" name="SENSOR_CAPP" type="input"/>
        <pin num="7" name="SENSOR_CAPN" type="input"/>
        <pin num="8" name="SENSOR_VN" type="input"/>
        <pin num="9" name="CHIP_PU" type="input"/>
        <pin num="10" name="VDET_1" type="input"/>
        <pin num="11" name="VDET_2" type="input"/>
        <pin num="12" name="32K_XP" type="BiDi"/>
        <pin num="13" name="32K_XN" type="BiDi"/>
        <pin num="14" name="GPIO25" type="BiDi"/>
        <pin num="15" name="GPIO26" type="BiDi"/>
        <pin num="16" name="GPIO27" type="BiDi"/>
        <pin num="17" name="MTMS" type="BiDi"/>
        <pin num="18" name="MTDI" type="BiDi"/>
        <pin num="19" name="VDD3P3_RTC" type="power_in"/>
        <pin num="20" name="MTCK" type="BiDi"/>
        <pin num="21" name="MTDO" type="BiDi"/>
        <pin num="22" name="GPIO2" type="BiDi"/>
        <pin num="23" name="GPIO0" type="BiDi"/>
        <pin num="24" name="GPIO4" type="BiDi"/>
        <pin num="25" name="GPIO16" type="BiDi"/>
        <pin num="26" name="VDD_SDIO" type="power_in"/>
        <pin num="27" name="GPIO17" type="BiDi"/>
        <pin num="28" name="SD_DATA_2" type="BiDi"/>
        <pin num="29" name="SD_DATA_3" type="BiDi"/>
        <pin num="30" name="SD_CMD" type="BiDi"/>
        <pin num="31" name="SD_CLK" type="BiDi"/>
        <pin num="32" name="SD_DATA_0" type="BiDi"/>
        <pin num="33" name="SD_DATA_1" type="BiDi"/>
        <pin num="34" name="GPIO5" type="BiDi"/>
        <pin num="35" name="GPIO18" type="BiDi"/>
        <pin num="36" name="GPIO23" type="BiDi"/>
        <pin num="37" name="VDD3P3_CPU" type="power_in"/>
        <pin num="38" name="GPIO19" type="BiDi"/>
        <pin num="39" name="GPIO22" type="BiDi"/>
        <pin num="40" name="U0RXD" type="BiDi"/>
        <pin num="41" name="U0TXD" type="BiDi"/>
        <pin num="42" name="GPIO21" type="BiDi"/>
        <pin num="43" name="VDDA" type="power_in"/>
        <pin num="44" name="XTAL_N" type="passive"/>
        <pin num="45" name="XTAL_P" type="passive"/>
        <pin num="46" name="VDDA" type="power_in"/>
        <pin num="47" name="CAP2" type="passive"/>
        <pin num="48" name="CAP1" type="passive"/>
        <pin num="49" name="GND_PAD" type="power_in"/>
      </pins>
    </libpart>
    <libpart lib="pspice" part="INDUCTOR">
      <description>Inductor symbol for simulation only</description>
      <docs>~</docs>
      <fields>
        <field name="Reference">L</field>
        <field name="Value">INDUCTOR</field>
      </fields>
      <pins>
        <pin num="1" name="1" type="input"/>
        <pin num="2" name="2" type="input"/>
      </pins>
    </libpart>
  </libparts>
  <libraries>
    <library logical="Connector">
      <uri>C:\Program Files\KiCad\share\kicad\library/Connector.lib</uri>
    </library>
    <library logical="Device">
      <uri>C:\Program Files\KiCad\share\kicad\library/Device.lib</uri>
    </library>
    <library logical="Motor">
      <uri>C:\Program Files\KiCad\share\kicad\library/Motor.lib</uri>
    </library>
    <library logical="Pendant-rescue">
      <uri>C:\Users\Milton Smith\Documents\Pendant/Pendant-rescue.lib</uri>
    </library>
    <library logical="Simulation_SPICE">
      <uri>C:\Program Files\KiCad\share\kicad\library/Simulation_SPICE.lib</uri>
    </library>
    <library logical="Switch">
      <uri>C:\Program Files\KiCad\share\kicad\library/Switch.lib</uri>
    </library>
    <library logical="espressif-xess">
      <uri>C:\Users\Milton Smith\Documents\Pendant/espressif-xess.lib</uri>
    </library>
    <library logical="pspice">
      <uri>C:\Program Files\KiCad\share\kicad\library/pspice.lib</uri>
    </library>
  </libraries>
  <nets>
    <net code="1" name="GND">
      <node ref="C6" pin="2"/>
      <node ref="C3" pin="2"/>
      <node ref="Q2" pin="3"/>
      <node ref="C8" pin="2"/>
      <node ref="C4" pin="2"/>
      <node ref="3.6V1" pin="2"/>
      <node ref="AE1" pin="1"/>
      <node ref="U1" pin="49"/>
      <node ref="SW1" pin="2"/>
      <node ref="MK1" pin="1"/>
      <node ref="U2" pin="5"/>
      <node ref="C12" pin="2"/>
      <node ref="C11" pin="2"/>
      <node ref="C9" pin="2"/>
      <node ref="U2" pin="12"/>
      <node ref="C10" pin="2"/>
      <node ref="U2" pin="10"/>
      <node ref="J1" pin="1"/>
      <node ref="Q1" pin="3"/>
    </net>
    <net code="2" name="Net-(U1-Pad20)">
      <node ref="U2" pin="11"/>
      <node ref="U1" pin="20"/>
    </net>
    <net code="3" name="Net-(U1-Pad22)">
      <node ref="U1" pin="22"/>
      <node ref="U2" pin="4"/>
    </net>
    <net code="4" name="Net-(Q2-Pad2)">
      <node ref="R5" pin="2"/>
      <node ref="R6" pin="1"/>
      <node ref="Q2" pin="2"/>
      <node ref="U1" pin="11"/>
    </net>
    <net code="5" name="Net-(C5-Pad1)">
      <node ref="C5" pin="1"/>
      <node ref="Q2" pin="1"/>
      <node ref="R6" pin="2"/>
    </net>
    <net code="6" name="Net-(C5-Pad2)">
      <node ref="R4" pin="2"/>
      <node ref="C5" pin="2"/>
      <node ref="MK1" pin="2"/>
    </net>
    <net code="7" name="Net-(J1-Pad3)">
      <node ref="J1" pin="3"/>
      <node ref="U1" pin="40"/>
    </net>
    <net code="8" name="+3V3">
      <node ref="U1" pin="37"/>
      <node ref="R1" pin="1"/>
      <node ref="U1" pin="1"/>
      <node ref="3.6V1" pin="1"/>
      <node ref="J1" pin="2"/>
      <node ref="C12" pin="1"/>
      <node ref="D1" pin="2"/>
      <node ref="C11" pin="1"/>
      <node ref="R2" pin="2"/>
      <node ref="U1" pin="4"/>
      <node ref="C7" pin="1"/>
      <node ref="M1" pin="1"/>
      <node ref="U1" pin="19"/>
      <node ref="U1" pin="43"/>
      <node ref="U1" pin="46"/>
      <node ref="U1" pin="3"/>
    </net>
    <net code="9" name="Net-(C6-Pad1)">
      <node ref="U1" pin="13"/>
      <node ref="R5" pin="1"/>
      <node ref="C6" pin="1"/>
      <node ref="R4" pin="1"/>
    </net>
    <net code="10" name="Net-(U1-Pad34)">
      <node ref="U2" pin="8"/>
      <node ref="U1" pin="34"/>
    </net>
    <net code="11" name="Net-(C8-Pad1)">
      <node ref="C8" pin="1"/>
      <node ref="U1" pin="35"/>
      <node ref="U2" pin="14"/>
      <node ref="U2" pin="1"/>
    </net>
    <net code="12" name="Net-(R8-Pad2)">
      <node ref="R8" pin="2"/>
      <node ref="U1" pin="15"/>
    </net>
    <net code="13" name="Net-(C1-Pad1)">
      <node ref="C1" pin="1"/>
      <node ref="U1" pin="6"/>
    </net>
    <net code="14" name="Net-(C3-Pad1)">
      <node ref="U1" pin="9"/>
      <node ref="C3" pin="1"/>
      <node ref="R1" pin="2"/>
      <node ref="J1" pin="6"/>
    </net>
    <net code="15" name="Net-(Q1-Pad1)">
      <node ref="R7" pin="2"/>
      <node ref="Q1" pin="1"/>
    </net>
    <net code="16" name="Net-(R9-Pad1)">
      <node ref="R9" pin="1"/>
      <node ref="U1" pin="16"/>
    </net>
    <net code="17" name="Net-(LS1-Pad2)">
      <node ref="LS1" pin="2"/>
      <node ref="R8" pin="1"/>
    </net>
    <net code="18" name="Net-(J1-Pad4)">
      <node ref="U1" pin="41"/>
      <node ref="J1" pin="4"/>
    </net>
    <net code="19" name="Net-(R3-Pad2)">
      <node ref="R3" pin="2"/>
      <node ref="U1" pin="10"/>
    </net>
    <net code="20" name="Net-(J1-Pad5)">
      <node ref="U1" pin="23"/>
      <node ref="J1" pin="5"/>
    </net>
    <net code="21" name="Net-(SW1-Pad1)">
      <node ref="SW1" pin="1"/>
      <node ref="U1" pin="21"/>
    </net>
    <net code="22" name="Net-(D2-Pad2)">
      <node ref="D2" pin="2"/>
      <node ref="R10" pin="2"/>
    </net>
    <net code="23" name="Net-(R3-Pad1)">
      <node ref="U1" pin="12"/>
      <node ref="R3" pin="1"/>
    </net>
    <net code="24" name="Net-(U1-Pad24)">
      <node ref="U2" pin="6"/>
      <node ref="U1" pin="24"/>
    </net>
    <net code="25" name="Net-(D2-Pad1)">
      <node ref="D2" pin="1"/>
      <node ref="U1" pin="38"/>
    </net>
    <net code="26" name="Net-(AE1-Pad2)">
      <node ref="AE1" pin="2"/>
      <node ref="C9" pin="1"/>
      <node ref="L1" pin="1"/>
    </net>
    <net code="27" name="Net-(C10-Pad1)">
      <node ref="C10" pin="1"/>
      <node ref="L1" pin="2"/>
      <node ref="U1" pin="2"/>
    </net>
    <net code="30" name="Net-(C1-Pad2)">
      <node ref="U1" pin="5"/>
      <node ref="C1" pin="2"/>
    </net>
    <net code="31" name="Net-(U1-Pad18)">
      <node ref="U1" pin="18"/>
    </net>
    <net code="32" name="Net-(U1-Pad17)">
      <node ref="U1" pin="17"/>
    </net>
    <net code="33" name="Net-(U2-Pad9)">
      <node ref="U2" pin="9"/>
    </net>
    <net code="34" name="Net-(U2-Pad7)">
      <node ref="U2" pin="7"/>
    </net>
    <net code="35" name="Net-(LS1-Pad1)">
      <node ref="R9" pin="2"/>
      <node ref="LS1" pin="1"/>
    </net>
    <net code="36" name="Net-(U2-Pad16)">
      <node ref="U2" pin="16"/>
    </net>
    <net code="37" name="Net-(U2-Pad15)">
      <node ref="U2" pin="15"/>
    </net>
    <net code="38" name="Net-(U2-Pad13)">
      <node ref="U2" pin="13"/>
    </net>
    <net code="39" name="Net-(C7-Pad2)">
      <node ref="Q1" pin="2"/>
      <node ref="C7" pin="2"/>
      <node ref="M1" pin="2"/>
      <node ref="D1" pin="1"/>
    </net>
    <net code="40" name="Net-(C2-Pad1)">
      <node ref="C2" pin="1"/>
      <node ref="U1" pin="8"/>
    </net>
    <net code="41" name="Net-(C2-Pad2)">
      <node ref="C2" pin="2"/>
      <node ref="U1" pin="7"/>
    </net>
    <net code="42" name="Net-(R7-Pad1)">
      <node ref="R7" pin="1"/>
      <node ref="U1" pin="14"/>
    </net>
    <net code="43" name="Net-(C4-Pad1)">
      <node ref="R2" pin="1"/>
      <node ref="C4" pin="1"/>
    </net>
    <net code="44" name="Net-(R10-Pad1)">
      <node ref="U1" pin="39"/>
      <node ref="R10" pin="1"/>
    </net>
    <net code="45" name="Net-(U1-Pad28)">
      <node ref="U1" pin="28"/>
    </net>
    <net code="46" name="Net-(U1-Pad36)">
      <node ref="U1" pin="36"/>
    </net>
    <net code="47" name="Net-(U1-Pad33)">
      <node ref="U1" pin="33"/>
    </net>
    <net code="48" name="Net-(U1-Pad32)">
      <node ref="U1" pin="32"/>
    </net>
    <net code="49" name="Net-(U1-Pad31)">
      <node ref="U1" pin="31"/>
    </net>
    <net code="50" name="Net-(U1-Pad30)">
      <node ref="U1" pin="30"/>
    </net>
    <net code="51" name="Net-(U1-Pad29)">
      <node ref="U1" pin="29"/>
    </net>
    <net code="52" name="Net-(U1-Pad27)">
      <node ref="U1" pin="27"/>
    </net>
    <net code="53" name="Net-(U1-Pad26)">
      <node ref="U1" pin="26"/>
    </net>
    <net code="54" name="Net-(U1-Pad25)">
      <node ref="U1" pin="25"/>
    </net>
    <net code="55" name="Net-(U1-Pad47)">
      <node ref="U1" pin="47"/>
    </net>
    <net code="56" name="Net-(U1-Pad48)">
      <node ref="U1" pin="48"/>
    </net>
    <net code="57" name="Net-(U1-Pad45)">
      <node ref="U1" pin="45"/>
    </net>
    <net code="58" name="Net-(U1-Pad44)">
      <node ref="U1" pin="44"/>
    </net>
    <net code="59" name="Net-(U1-Pad42)">
      <node ref="U1" pin="42"/>
    </net>
  </nets>
</export>
