﻿<?xml version="1.0" encoding="utf-8"?>
<Store xmlns:i="http://www.w3.org/2001/XMLSchema-instance" xmlns="AtmelPackComponentManagement">
	<ProjectComponents>
		<ProjectComponent z:Id="i1" xmlns:z="http://schemas.microsoft.com/2003/10/Serialization/">
			<CApiVersion></CApiVersion>
			<CBundle></CBundle>
			<CClass>CMSIS</CClass>
			<CGroup>CORE</CGroup>
			<CSub></CSub>
			<CVariant></CVariant>
			<CVendor>ARM</CVendor>
			<CVersion>5.0.1</CVersion>
			<DefaultRepoPath>C:/Program Files\Atmel\Studio\7.0\Packs</DefaultRepoPath>
			<DependentComponents xmlns:d4p1="http://schemas.microsoft.com/2003/10/Serialization/Arrays" />
			<Description></Description>
			<Files xmlns:d4p1="http://schemas.microsoft.com/2003/10/Serialization/Arrays">
				<d4p1:anyType i:type="FileInfo">
					<AbsolutePath>C:/Program Files\Atmel\Studio\7.0\Packs\arm\cmsis\5.0.1\CMSIS\Documentation\Core\html\index.html</AbsolutePath>
					<Attribute></Attribute>
					<Category>doc</Category>
					<Condition></Condition>
					<FileContentHash>Cq3aNYyqgx20hdPs+CNSlQ==</FileContentHash>
					<FileVersion></FileVersion>
					<Name>CMSIS/Documentation/Core/html/index.html</Name>
					<SelectString></SelectString>
					<SourcePath></SourcePath>
				</d4p1:anyType>
				<d4p1:anyType i:type="FileInfo">
					<AbsolutePath>C:/Program Files\Atmel\Studio\7.0\Packs\arm\cmsis\5.0.1\CMSIS\Include\</AbsolutePath>
					<Attribute></Attribute>
					<Category>include</Category>
					<Condition></Condition>
					<FileContentHash i:nil="true" />
					<FileVersion></FileVersion>
					<Name>CMSIS/Include/</Name>
					<SelectString></SelectString>
					<SourcePath></SourcePath>
				</d4p1:anyType>
			</Files>
			<PackName>CMSIS</PackName>
			<PackPath>C:/Program Files/Atmel/Studio/7.0/Packs/arm/cmsis/5.0.1/ARM.CMSIS.pdsc</PackPath>
			<PackVersion>5.0.1</PackVersion>
			<PresentInProject>true</PresentInProject>
			<ReferenceConditionId>ARMv6_7_8-M Device</ReferenceConditionId>
			<RteComponents xmlns:d4p1="http://schemas.microsoft.com/2003/10/Serialization/Arrays">
				<d4p1:string></d4p1:string>
			</RteComponents>
			<Status>Resolved</Status>
			<VersionMode>Fixed</VersionMode>
			<IsComponentInAtProject>true</IsComponentInAtProject>
		</ProjectComponent>
		<ProjectComponent z:Id="i2" xmlns:z="http://schemas.microsoft.com/2003/10/Serialization/">
			<CApiVersion></CApiVersion>
			<CBundle></CBundle>
			<CClass>Device</CClass>
			<CGroup>Startup</CGroup>
			<CSub></CSub>
			<CVariant></CVariant>
			<CVendor>Atmel</CVendor>
			<CVersion>2.3.0</CVersion>
			<DefaultRepoPath>C:/Program Files\Atmel\Studio\7.0\Packs</DefaultRepoPath>
			<DependentComponents xmlns:d4p1="http://schemas.microsoft.com/2003/10/Serialization/Arrays">
				<d4p1:anyType z:Ref="i1" />
			</DependentComponents>
			<Description></Description>
			<Files xmlns:d4p1="http://schemas.microsoft.com/2003/10/Serialization/Arrays">
				<d4p1:anyType i:type="FileInfo">
					<AbsolutePath>C:/Program Files\Atmel\Studio\7.0\Packs\atmel\SAMS70_DFP\2.3.88\sams70a\include</AbsolutePath>
					<Attribute></Attribute>
					<Category>include</Category>
					<Condition>C</Condition>
					<FileContentHash i:nil="true" />
					<FileVersion></FileVersion>
					<Name>sams70a/include</Name>
					<SelectString></SelectString>
					<SourcePath></SourcePath>
				</d4p1:anyType>
				<d4p1:anyType i:type="FileInfo">
					<AbsolutePath>C:/Program Files\Atmel\Studio\7.0\Packs\atmel\SAMS70_DFP\2.3.88\sams70a\include\sam.h</AbsolutePath>
					<Attribute></Attribute>
					<Category>header</Category>
					<Condition>C</Condition>
					<FileContentHash>LCofml63gdsE+iHUNxzsGQ==</FileContentHash>
					<FileVersion></FileVersion>
					<Name>sams70a/include/sam.h</Name>
					<SelectString></SelectString>
					<SourcePath></SourcePath>
				</d4p1:anyType>
				<d4p1:anyType i:type="FileInfo">
					<AbsolutePath>C:/Program Files\Atmel\Studio\7.0\Packs\atmel\SAMS70_DFP\2.3.88\sams70a\templates\main.c</AbsolutePath>
					<Attribute>template</Attribute>
					<Category>source</Category>
					<Condition>C Exe</Condition>
					<FileContentHash>3CPYAqg1KyI6qI33TuoNXg==</FileContentHash>
					<FileVersion></FileVersion>
					<Name>sams70a/templates/main.c</Name>
					<SelectString>Main file (.c)</SelectString>
					<SourcePath></SourcePath>
				</d4p1:anyType>
				<d4p1:anyType i:type="FileInfo">
					<AbsolutePath>C:/Program Files\Atmel\Studio\7.0\Packs\atmel\SAMS70_DFP\2.3.88\sams70a\templates\main.cpp</AbsolutePath>
					<Attribute>template</Attribute>
					<Category>source</Category>
					<Condition>C Exe</Condition>
					<FileContentHash>nU+WlKcYaWh0AWBBS+WVpA==</FileContentHash>
					<FileVersion></FileVersion>
					<Name>sams70a/templates/main.cpp</Name>
					<SelectString>Main file (.cpp)</SelectString>
					<SourcePath></SourcePath>
				</d4p1:anyType>
				<d4p1:anyType i:type="FileInfo">
					<AbsolutePath>C:/Program Files\Atmel\Studio\7.0\Packs\atmel\SAMS70_DFP\2.3.88\sams70a\gcc\gcc\startup_sams70n21.c</AbsolutePath>
					<Attribute>config</Attribute>
					<Category>source</Category>
					<Condition>GCC Exe</Condition>
					<FileContentHash>Noc3U6URHOI9WlHdRFbsuw==</FileContentHash>
					<FileVersion></FileVersion>
					<Name>sams70a/gcc/gcc/startup_sams70n21.c</Name>
					<SelectString></SelectString>
					<SourcePath></SourcePath>
				</d4p1:anyType>
				<d4p1:anyType i:type="FileInfo">
					<AbsolutePath>C:/Program Files\Atmel\Studio\7.0\Packs\atmel\SAMS70_DFP\2.3.88\sams70a\gcc\system_sams70n21.c</AbsolutePath>
					<Attribute>config</Attribute>
					<Category>source</Category>
					<Condition>GCC Exe</Condition>
					<FileContentHash>kcIOBz3i0TNAoFYPgGfEeA==</FileContentHash>
					<FileVersion></FileVersion>
					<Name>sams70a/gcc/system_sams70n21.c</Name>
					<SelectString></SelectString>
					<SourcePath></SourcePath>
				</d4p1:anyType>
				<d4p1:anyType i:type="FileInfo">
					<AbsolutePath>C:/Program Files\Atmel\Studio\7.0\Packs\atmel\SAMS70_DFP\2.3.88\sams70a\gcc\gcc\sams70n21_flash.ld</AbsolutePath>
					<Attribute>config</Attribute>
					<Category>linkerScript</Category>
					<Condition>GCC Exe</Condition>
					<FileContentHash>dmpbjux8EudOb6V4CianKw==</FileContentHash>
					<FileVersion></FileVersion>
					<Name>sams70a/gcc/gcc/sams70n21_flash.ld</Name>
					<SelectString></SelectString>
					<SourcePath></SourcePath>
				</d4p1:anyType>
				<d4p1:anyType i:type="FileInfo">
					<AbsolutePath>C:/Program Files\Atmel\Studio\7.0\Packs\atmel\SAMS70_DFP\2.3.88\sams70a\gcc\gcc\sams70n21_sram.ld</AbsolutePath>
					<Attribute>config</Attribute>
					<Category>other</Category>
					<Condition>GCC Exe</Condition>
					<FileContentHash>GJ8RgVJpBMDHgSXOS9DSoQ==</FileContentHash>
					<FileVersion></FileVersion>
					<Name>sams70a/gcc/gcc/sams70n21_sram.ld</Name>
					<SelectString></SelectString>
					<SourcePath></SourcePath>
				</d4p1:anyType>
			</Files>
			<PackName>SAMS70_DFP</PackName>
			<PackPath>C:/Program Files/Atmel/Studio/7.0/Packs/atmel/SAMS70_DFP/2.3.88/Atmel.SAMS70_DFP.pdsc</PackPath>
			<PackVersion>2.3.88</PackVersion>
			<PresentInProject>true</PresentInProject>
			<ReferenceConditionId>ATSAMS70N21</ReferenceConditionId>
			<RteComponents xmlns:d4p1="http://schemas.microsoft.com/2003/10/Serialization/Arrays">
				<d4p1:string></d4p1:string>
			</RteComponents>
			<Status>Resolved</Status>
			<VersionMode>Fixed</VersionMode>
			<IsComponentInAtProject>true</IsComponentInAtProject>
		</ProjectComponent>
	</ProjectComponents>
</Store>