<?xml version="1.0" encoding="UTF-8"?>
<project-private xmlns="http://www.netbeans.org/ns/project-private/1">
    <editor-bookmarks xmlns="http://www.netbeans.org/ns/editor-bookmarks/2" lastBookmarkId="0"/>
    <open-files xmlns="http://www.netbeans.org/ns/projectui-open-files/2">
        <group>
            <file>file:/E:/Projects/2020_7/GasSensorPIC_Canada/Mplab/GasSensor2/main.c</file>
            <file>file:/E:/Projects/2020_7/GasSensorPIC_Canada/Mplab/GasSensor2/mcc_generated_files/uart1.c</file>
            <file>file:/E:/Projects/2020_7/GasSensorPIC_Canada/Mplab/GasSensor2/mcc_generated_files/uart5.c</file>
            <file>file:/E:/Projects/2020_7/GasSensorPIC_Canada/Mplab/GasSensor2/mcc_generated_files/system.c</file>
            <file>file:/E:/Projects/2020_7/GasSensorPIC_Canada/Mplab/GasSensor2/mcc_generated_files/uart2.c</file>
            <file>file:/E:/Projects/2020_7/GasSensorPIC_Canada/Mplab/GasSensor2/mcc_generated_files/uart3.c</file>
            <file>file:/E:/Projects/2020_7/GasSensorPIC_Canada/Mplab/GasSensor2/mcc_generated_files/uart4.c</file>
            <file>file:/E:/Projects/2020_7/GasSensorPIC_Canada/Mplab/GasSensor2/mcc_generated_files/uart6.c</file>
        </group>
    </open-files>
</project-private>
