<?xml version="1.0" encoding="UTF-8"?>
<export version="D">
  <design>
    <source>E:\Projects\2021_7\Kicad_PCBUpdate_German\PCB2 3\PCB2_update\PCB2.sch</source>
    <date>7/7/2021 9:30:49 AM</date>
    <tool>Eeschema (5.1.5)-1</tool>
    <sheet number="1" name="/" tstamps="/">
      <title_block>
        <title/>
        <company/>
        <rev/>
        <date/>
        <source>PCB2.sch</source>
        <comment number="1" value=""/>
        <comment number="2" value=""/>
        <comment number="3" value=""/>
        <comment number="4" value=""/>
      </title_block>
    </sheet>
  </design>
  <components>
    <comp ref="U2">
      <value>ESP32-WROOM-32E (8MB)</value>
      <footprint>RF_Module:ESP32-WROOM-32</footprint>
      <datasheet>https://www.espressif.com/sites/default/files/documentation/esp32-wroom-32d_esp32-wroom-32u_datasheet_en.pdf</datasheet>
      <fields>
        <field name="Description">RX TXRX MOD WIFI TRACE ANT SMD</field>
        <field name="Digi-Key_PN">1965-ESP32-WROOM-32E(8MB)CT-ND</field>
        <field name="MPN">ESP32-WROOM-32E (8MB)</field>
        <field name="Manufacturer">Espressif Systems</field>
      </fields>
      <libsource lib="RF_Module" part="ESP32-WROOM-32U" description="RF Module, ESP32-D0WD SoC, Wi-Fi 802.11b/g/n, Bluetooth, BLE, 32-bit, 2.7-3.6V, external antenna, SMD"/>
      <sheetpath names="/" tstamps="/"/>
      <tstamp>5E2D4014</tstamp>
    </comp>
    <comp ref="C5">
      <value>0.1uF</value>
      <footprint>Capacitor_SMD:C_0603_1608Metric</footprint>
      <datasheet>~</datasheet>
      <fields>
        <field name="Description">CAP CER 0.1UF 50V X7R 0603</field>
        <field name="Digi-Key_PN">1276-1000-1-ND</field>
        <field name="MPN">CL10B104KB8NNNC</field>
        <field name="Manufacturer">Samsung Electro-Mechanics</field>
      </fields>
      <libsource lib="Device" part="C_Small" description="Unpolarized capacitor, small symbol"/>
      <sheetpath names="/" tstamps="/"/>
      <tstamp>605BCB18</tstamp>
    </comp>
    <comp ref="C7">
      <value>4.7uF</value>
      <footprint>Capacitor_SMD:C_0603_1608Metric</footprint>
      <datasheet>~</datasheet>
      <fields>
        <field name="Description">CAP CER 4.7UF 6.3V X7R 0603</field>
        <field name="Digi-Key_PN">1276-2087-1-ND</field>
        <field name="MPN">CL10B475KQ8NQNC</field>
        <field name="Manufacturer">Samsung Electro-Mechanics</field>
      </fields>
      <libsource lib="Device" part="C_Small" description="Unpolarized capacitor, small symbol"/>
      <sheetpath names="/" tstamps="/"/>
      <tstamp>6076E912</tstamp>
    </comp>
    <comp ref="C10">
      <value>0.1uF</value>
      <footprint>Capacitor_SMD:C_0603_1608Metric</footprint>
      <datasheet>~</datasheet>
      <fields>
        <field name="Description">CAP CER 0.1UF 50V X7R 0603</field>
        <field name="Digi-Key_PN">1276-1000-1-ND</field>
        <field name="MPN">CL10B104KB8NNNC</field>
        <field name="Manufacturer">Samsung Electro-Mechanics</field>
      </fields>
      <libsource lib="Device" part="C_Small" description="Unpolarized capacitor, small symbol"/>
      <sheetpath names="/" tstamps="/"/>
      <tstamp>60801F39</tstamp>
    </comp>
    <comp ref="C2">
      <value>0.1uF</value>
      <footprint>Capacitor_SMD:C_0603_1608Metric</footprint>
      <datasheet>~</datasheet>
      <fields>
        <field name="Description">CAP CER 0.1UF 50V X7R 0603</field>
        <field name="Digi-Key_PN">1276-1000-1-ND</field>
        <field name="MPN">CL10B104KB8NNNC</field>
        <field name="Manufacturer">Samsung Electro-Mechanics</field>
      </fields>
      <libsource lib="Device" part="C_Small" description="Unpolarized capacitor, small symbol"/>
      <sheetpath names="/" tstamps="/"/>
      <tstamp>6093109A</tstamp>
    </comp>
    <comp ref="R1">
      <value>10k</value>
      <footprint>Resistor_SMD:R_0603_1608Metric</footprint>
      <datasheet>~</datasheet>
      <fields>
        <field name="Description">RES SMD 10K OHM 1% 1/10W 0603</field>
        <field name="Digi-Key_PN">311-10.0KHRCT-ND</field>
        <field name="MPN">RC0603FR-0710KL</field>
        <field name="Manufacturer">Yageo</field>
      </fields>
      <libsource lib="Device" part="R_Small" description="Resistor, small symbol"/>
      <sheetpath names="/" tstamps="/"/>
      <tstamp>60A65C89</tstamp>
    </comp>
    <comp ref="R4">
      <value>10k</value>
      <footprint>Resistor_SMD:R_0603_1608Metric</footprint>
      <datasheet>~</datasheet>
      <fields>
        <field name="Description">RES SMD 10K OHM 1% 1/10W 0603</field>
        <field name="Digi-Key_PN">311-10.0KHRCT-ND</field>
        <field name="MPN">RC0603FR-0710KL</field>
        <field name="Manufacturer">Yageo</field>
      </fields>
      <libsource lib="Device" part="R_Small" description="Resistor, small symbol"/>
      <sheetpath names="/" tstamps="/"/>
      <tstamp>5F43F640</tstamp>
    </comp>
    <comp ref="C9">
      <value>10uF</value>
      <footprint>Capacitor_Tantalum_SMD:CP_EIA-3216-18_Kemet-A</footprint>
      <datasheet>~</datasheet>
      <fields>
        <field name="Description">CAP TANT 10UF 20% 10V 1206</field>
        <field name="Digi-Key_PN">718-1118-1-ND</field>
        <field name="MPN">293D106X0010A2TE3</field>
        <field name="Manufacturer">Vishay Sprague</field>
      </fields>
      <libsource lib="Device" part="CP_Small" description="Polarized capacitor, small symbol"/>
      <sheetpath names="/" tstamps="/"/>
      <tstamp>65933A20</tstamp>
    </comp>
    <comp ref="R14">
      <value>4.7k</value>
      <footprint>Resistor_SMD:R_0603_1608Metric</footprint>
      <fields>
        <field name="Description">RES SMD 4.7K OHM 1% 1/10W 0603</field>
        <field name="Digi-Key_PN">311-4.70KHRCT-ND</field>
        <field name="MPN">RC0603FR-074K7L</field>
        <field name="Manufacturer">Yageo</field>
      </fields>
      <libsource lib="Device" part="R" description="Resistor"/>
      <sheetpath names="/" tstamps="/"/>
      <tstamp>58E630EF</tstamp>
    </comp>
    <comp ref="Q3">
      <value>DS18B20+</value>
      <footprint>Package_TO_SOT_THT:TO-92_Inline_Wide</footprint>
      <fields>
        <field name="Description">SENSOR DIGITAL -55C-125C TO92-3</field>
        <field name="Digi-Key_PN">DS18B20+T&amp;RCT-ND</field>
        <field name="MPN">DS18B20+T&amp;R</field>
        <field name="Manufacturer">Maxim Integrated</field>
      </fields>
      <libsource lib="PCB2-rescue" part="DS18B20+-iSpindel" description=""/>
      <sheetpath names="/" tstamps="/"/>
      <tstamp>58E636B0</tstamp>
    </comp>
    <comp ref="S1">
      <value>slide-SPDT</value>
      <footprint>iSpindel:Slide_Switch</footprint>
      <fields>
        <field name="MPN">SK12D07</field>
      </fields>
      <libsource lib="PCB2-rescue" part="slide-SPDT-iSpindel" description=""/>
      <sheetpath names="/" tstamps="/"/>
      <tstamp>58E64286</tstamp>
    </comp>
    <comp ref="U4">
      <value>MPU-6050</value>
      <footprint>Sensor_Motion:InvenSense_QFN-24_4x4mm_P0.5mm</footprint>
      <datasheet>https://store.invensense.com/datasheets/invensense/MPU-6050_DataSheet_V3%204.pdf</datasheet>
      <fields>
        <field name="Description">IMU ACCEL/GYRO 3-AXIS I2C 24QFN</field>
        <field name="Digi-Key_PN">1428-1007-1-ND</field>
        <field name="MPN">MPU-6050</field>
        <field name="Manufacturer">TDK InvenSense</field>
      </fields>
      <libsource lib="Sensor_Motion" part="MPU-6050" description="InvenSense 6-Axis Motion Sensor, Gyroscope, Accelerometer, I2C"/>
      <sheetpath names="/" tstamps="/"/>
      <tstamp>5D240D6C</tstamp>
    </comp>
    <comp ref="C8">
      <value>0.1uF</value>
      <footprint>Capacitor_SMD:C_0603_1608Metric</footprint>
      <datasheet>~</datasheet>
      <fields>
        <field name="Description">CAP CER 0.1UF 50V X7R 0603</field>
        <field name="Digi-Key_PN">1276-1000-1-ND</field>
        <field name="MPN">CL10B104KB8NNNC</field>
        <field name="Manufacturer">Samsung Electro-Mechanics</field>
      </fields>
      <libsource lib="Device" part="C_Small" description="Unpolarized capacitor, small symbol"/>
      <sheetpath names="/" tstamps="/"/>
      <tstamp>5D2458B3</tstamp>
    </comp>
    <comp ref="C6">
      <value>0.1uF</value>
      <footprint>Capacitor_SMD:C_0603_1608Metric</footprint>
      <datasheet>~</datasheet>
      <fields>
        <field name="Description">CAP CER 0.1UF 50V X7R 0603</field>
        <field name="Digi-Key_PN">1276-1000-1-ND</field>
        <field name="MPN">CL10B104KB8NNNC</field>
        <field name="Manufacturer">Samsung Electro-Mechanics</field>
      </fields>
      <libsource lib="Device" part="C_Small" description="Unpolarized capacitor, small symbol"/>
      <sheetpath names="/" tstamps="/"/>
      <tstamp>5D247135</tstamp>
    </comp>
    <comp ref="C4">
      <value>10uF</value>
      <footprint>Capacitor_Tantalum_SMD:CP_EIA-3216-18_Kemet-A</footprint>
      <datasheet>~</datasheet>
      <fields>
        <field name="Description">CAP TANT 10UF 20% 10V 1206</field>
        <field name="Digi-Key_PN">718-1118-1-ND</field>
        <field name="MPN">293D106X0010A2TE3</field>
        <field name="Manufacturer">Vishay Sprague</field>
      </fields>
      <libsource lib="Device" part="CP_Small" description="Polarized capacitor, small symbol"/>
      <sheetpath names="/" tstamps="/"/>
      <tstamp>5D24800E</tstamp>
    </comp>
    <comp ref="C1">
      <value>4.7uF</value>
      <footprint>Capacitor_SMD:C_0603_1608Metric</footprint>
      <datasheet>~</datasheet>
      <fields>
        <field name="Description">CAP CER 4.7UF 6.3V X7R 0603</field>
        <field name="Digi-Key_PN">1276-2087-1-ND</field>
        <field name="MPN">CL10B475KQ8NQNC</field>
        <field name="Manufacturer">Samsung Electro-Mechanics</field>
      </fields>
      <libsource lib="Device" part="C_Small" description="Unpolarized capacitor, small symbol"/>
      <sheetpath names="/" tstamps="/"/>
      <tstamp>5D251C90</tstamp>
    </comp>
    <comp ref="C11">
      <value>10nF</value>
      <footprint>Capacitor_SMD:C_0603_1608Metric</footprint>
      <datasheet>~</datasheet>
      <fields>
        <field name="Description">CAP CER 10000PF 50V X7R 0603</field>
        <field name="Digi-Key_PN">445-1311-1-ND</field>
        <field name="MPN">C1608X7R1H103K080AA</field>
        <field name="Manufacturer">TDK Corporation</field>
      </fields>
      <libsource lib="Device" part="C_Small" description="Unpolarized capacitor, small symbol"/>
      <sheetpath names="/" tstamps="/"/>
      <tstamp>5D259861</tstamp>
    </comp>
    <comp ref="R7">
      <value>10k</value>
      <footprint>Resistor_SMD:R_0603_1608Metric</footprint>
      <fields>
        <field name="Description">RES SMD 10K OHM 1% 1/10W 0603</field>
        <field name="Digi-Key_PN">311-10.0KHRCT-ND</field>
        <field name="MPN">RC0603FR-0710KL</field>
        <field name="Manufacturer">Yageo</field>
      </fields>
      <libsource lib="Device" part="R" description="Resistor"/>
      <sheetpath names="/" tstamps="/"/>
      <tstamp>5D2645AD</tstamp>
    </comp>
    <comp ref="R9">
      <value>10k</value>
      <footprint>Resistor_SMD:R_0603_1608Metric</footprint>
      <fields>
        <field name="Description">RES SMD 10K OHM 1% 1/10W 0603</field>
        <field name="Digi-Key_PN">311-10.0KHRCT-ND</field>
        <field name="MPN">RC0603FR-0710KL</field>
        <field name="Manufacturer">Yageo</field>
      </fields>
      <libsource lib="Device" part="R" description="Resistor"/>
      <sheetpath names="/" tstamps="/"/>
      <tstamp>5D267DE1</tstamp>
    </comp>
    <comp ref="C13">
      <value>0.1uF</value>
      <footprint>Capacitor_SMD:C_0603_1608Metric</footprint>
      <datasheet>~</datasheet>
      <fields>
        <field name="Description">CAP CER 0.1UF 50V X7R 0603</field>
        <field name="Digi-Key_PN">1276-1000-1-ND</field>
        <field name="MPN">CL10B104KB8NNNC</field>
        <field name="Manufacturer">Samsung Electro-Mechanics</field>
      </fields>
      <libsource lib="Device" part="C_Small" description="Unpolarized capacitor, small symbol"/>
      <sheetpath names="/" tstamps="/"/>
      <tstamp>5D269A12</tstamp>
    </comp>
    <comp ref="C14">
      <value>2.2nF</value>
      <footprint>Capacitor_SMD:C_0603_1608Metric</footprint>
      <datasheet>~</datasheet>
      <fields>
        <field name="Description">CAP CER 2200PF 50V X7R 0603</field>
        <field name="Digi-Key_PN">399-1085-1-ND</field>
        <field name="MPN">C0603C222K5RACTU</field>
        <field name="Manufacturer">KEMET</field>
      </fields>
      <libsource lib="Device" part="C_Small" description="Unpolarized capacitor, small symbol"/>
      <sheetpath names="/" tstamps="/"/>
      <tstamp>5D27482F</tstamp>
    </comp>
    <comp ref="U3">
      <value>TP4056</value>
      <footprint>SamacSys_Parts:SOIC127P600X175-9N</footprint>
      <fields>
        <field name="MPN">TP4056</field>
      </fields>
      <libsource lib="PCB2-rescue" part="TP4056-main" description=""/>
      <sheetpath names="/" tstamps="/"/>
      <tstamp>5D376F2C</tstamp>
    </comp>
    <comp ref="C3">
      <value>0.1uF</value>
      <footprint>Capacitor_SMD:C_0603_1608Metric</footprint>
      <datasheet>~</datasheet>
      <fields>
        <field name="Description">CAP CER 0.1UF 50V X7R 0603</field>
        <field name="Digi-Key_PN">1276-1000-1-ND</field>
        <field name="MPN">CL10B104KB8NNNC</field>
        <field name="Manufacturer">Samsung Electro-Mechanics</field>
      </fields>
      <libsource lib="Device" part="C_Small" description="Unpolarized capacitor, small symbol"/>
      <sheetpath names="/" tstamps="/"/>
      <tstamp>5D3E9B31</tstamp>
    </comp>
    <comp ref="D1">
      <value>RED</value>
      <footprint>LED_SMD:LED_0805_2012Metric</footprint>
      <datasheet>~</datasheet>
      <fields>
        <field name="Description">LED RED CLEAR SMD</field>
        <field name="Digi-Key_PN">160-1427-1-ND</field>
        <field name="MPN">LTST-C171KRKT</field>
        <field name="Manufacturer">Lite-On Inc.</field>
      </fields>
      <libsource lib="Device" part="LED_Small_ALT" description="Light emitting diode, small symbol, filled shape"/>
      <sheetpath names="/" tstamps="/"/>
      <tstamp>5D43C61D</tstamp>
    </comp>
    <comp ref="D2">
      <value>GREEN</value>
      <footprint>LED_SMD:LED_0805_2012Metric</footprint>
      <datasheet>~</datasheet>
      <fields>
        <field name="Description">LED GREEN CLEAR CHIP SMD</field>
        <field name="Digi-Key_PN">160-1423-1-ND</field>
        <field name="MPN">LTST-C171GKT</field>
        <field name="Manufacturer">Lite-On Inc.</field>
      </fields>
      <libsource lib="Device" part="LED_Small_ALT" description="Light emitting diode, small symbol, filled shape"/>
      <sheetpath names="/" tstamps="/"/>
      <tstamp>5D43CCBC</tstamp>
    </comp>
    <comp ref="R3">
      <value>1k</value>
      <footprint>Resistor_SMD:R_0603_1608Metric</footprint>
      <fields>
        <field name="Description">RES SMD 1K OHM 1% 1/8W 0603</field>
        <field name="Digi-Key_PN">MCT0603-1.00K-CFCT-ND</field>
        <field name="MPN">MCT06030C1001FP500</field>
        <field name="Manufacturer">Vishay Beyschlag</field>
      </fields>
      <libsource lib="Device" part="R" description="Resistor"/>
      <sheetpath names="/" tstamps="/"/>
      <tstamp>5D45DF12</tstamp>
    </comp>
    <comp ref="R2">
      <value>1k</value>
      <footprint>Resistor_SMD:R_0603_1608Metric</footprint>
      <fields>
        <field name="Description">RES SMD 1K OHM 1% 1/8W 0603</field>
        <field name="Digi-Key_PN">MCT0603-1.00K-CFCT-ND</field>
        <field name="MPN">MCT06030C1001FP500</field>
        <field name="Manufacturer">Vishay Beyschlag</field>
      </fields>
      <libsource lib="Device" part="R" description="Resistor"/>
      <sheetpath names="/" tstamps="/"/>
      <tstamp>5D45E34F</tstamp>
    </comp>
    <comp ref="R5">
      <value>1.2k</value>
      <footprint>Resistor_SMD:R_0603_1608Metric</footprint>
      <fields>
        <field name="Description">RES SMD 1.2K OHM 1% 1/8W 0603</field>
        <field name="Digi-Key_PN">MCT0603-1.20K-CFCT-ND</field>
        <field name="MPN">MCT06030C1201FP500</field>
        <field name="Manufacturer">Vishay Beyschlag</field>
      </fields>
      <libsource lib="Device" part="R" description="Resistor"/>
      <sheetpath names="/" tstamps="/"/>
      <tstamp>5D4BF8F1</tstamp>
    </comp>
    <comp ref="R10">
      <value>330</value>
      <footprint>Resistor_SMD:R_0603_1608Metric</footprint>
      <fields>
        <field name="Description">RES SMD 330 OHM 1% 1/10W 0603</field>
        <field name="Digi-Key_PN">P330HCT-ND</field>
        <field name="MPN">ERJ-3EKF3300V</field>
        <field name="Manufacturer">Panasonic Electronic Components</field>
      </fields>
      <libsource lib="Device" part="R" description="Resistor"/>
      <sheetpath names="/" tstamps="/"/>
      <tstamp>5D4D352C</tstamp>
    </comp>
    <comp ref="P1">
      <value>CONN 2</value>
      <footprint>Battery:BatteryHolder_Keystone_1042_1x18650</footprint>
      <fields>
        <field name="Description">BATTERY HOLDER 18650 SMD TAB</field>
        <field name="Digi-Key_PN">36-1042-ND</field>
        <field name="MPN">1042</field>
        <field name="Manufacturer">Keystone Electronics</field>
      </fields>
      <libsource lib="Connector_Generic" part="Conn_01x02" description="Generic connector, single row, 01x02, script generated (kicad-library-utils/schlib/autogen/connector/)"/>
      <sheetpath names="/" tstamps="/"/>
      <tstamp>58E76E5C</tstamp>
    </comp>
    <comp ref="Q1">
      <value>CSD16301Q2</value>
      <footprint>Package_SON:Texas_DQK</footprint>
      <datasheet>http://www.ti.com/lit/ds/symlink/csd16301q2.pdf</datasheet>
      <fields>
        <field name="Description">MOSFET N-CH 25V 6-SON</field>
        <field name="Digi-Key_PN">296-25260-1-ND</field>
        <field name="MPN">CSD16301Q2</field>
        <field name="Manufacturer">Texas Instruments</field>
      </fields>
      <libsource lib="Transistor_FET" part="CSD16301Q2" description="5A Id, 25V Vds, NexFET N-Channel Power MOSFET, 19mOhm Ron, SON-6"/>
      <sheetpath names="/" tstamps="/"/>
      <tstamp>5D56E705</tstamp>
    </comp>
    <comp ref="Q2">
      <value>CSD16301Q2</value>
      <footprint>Package_SON:Texas_DQK</footprint>
      <datasheet>http://www.ti.com/lit/ds/symlink/csd16301q2.pdf</datasheet>
      <fields>
        <field name="Description">MOSFET N-CH 25V 6-SON</field>
        <field name="Digi-Key_PN">296-25260-1-ND</field>
        <field name="MPN">CSD16301Q2</field>
        <field name="Manufacturer">Texas Instruments</field>
      </fields>
      <libsource lib="Transistor_FET" part="CSD16301Q2" description="5A Id, 25V Vds, NexFET N-Channel Power MOSFET, 19mOhm Ron, SON-6"/>
      <sheetpath names="/" tstamps="/"/>
      <tstamp>5D662736</tstamp>
    </comp>
    <comp ref="C12">
      <value>0.1uF</value>
      <footprint>Capacitor_SMD:C_0603_1608Metric</footprint>
      <datasheet>~</datasheet>
      <fields>
        <field name="Description">CAP CER 0.1UF 50V X7R 0603</field>
        <field name="Digi-Key_PN">1276-1000-1-ND</field>
        <field name="MPN">CL10B104KB8NNNC</field>
        <field name="Manufacturer">Samsung Electro-Mechanics</field>
      </fields>
      <libsource lib="Device" part="C_Small" description="Unpolarized capacitor, small symbol"/>
      <sheetpath names="/" tstamps="/"/>
      <tstamp>5D3DF555</tstamp>
    </comp>
    <comp ref="R11">
      <value>2.2k</value>
      <footprint>Resistor_SMD:R_0603_1608Metric</footprint>
      <fields>
        <field name="Description">RES SMD 2.2K OHM 1% 1/10W 0603</field>
        <field name="Digi-Key_PN">311-2.20KHRCT-ND</field>
        <field name="MPN">RC0603FR-072K2L</field>
        <field name="Manufacturer">Yageo</field>
      </fields>
      <libsource lib="Device" part="R" description="Resistor"/>
      <sheetpath names="/" tstamps="/"/>
      <tstamp>5D3B59F9</tstamp>
    </comp>
    <comp ref="U5">
      <value>BQ29700DSET</value>
      <footprint>digikey-footprints:WFDFN-6_1.5x1.5mm</footprint>
      <datasheet>http://www.ti.com/general/docs/suppproductinfo.tsp?distId=10&amp;gotoUrl=http%3A%2F%2Fwww.ti.com%2Flit%2Fgpn%2Fbq2971</datasheet>
      <fields>
        <field name="Description">IC LITHIUM BATT PROTECT 6-SON</field>
        <field name="Digi-Key_PN">296-37746-1-ND</field>
        <field name="MPN">BQ29700DSET</field>
        <field name="Manufacturer">Texas Instruments</field>
      </fields>
      <libsource lib="PCB2-rescue" part="BQ29700DSET-dk_PMIC-Battery-Management" description=""/>
      <sheetpath names="/" tstamps="/"/>
      <tstamp>5D37BCF1</tstamp>
    </comp>
    <comp ref="SW1">
      <value>PTS645VL39-2 LFS</value>
      <footprint>Button_Switch_THT:SW_Tactile_SPST_Angled_PTS645Vx39-2LFS</footprint>
      <datasheet>~</datasheet>
      <fields>
        <field name="Description">SWITCH TACTILE SPST-NO 0.05A 12V</field>
        <field name="Digi-Key_PN">CKN9103-ND</field>
        <field name="MPN">PTS645VL39-2 LFS</field>
        <field name="Manufacturer">C&amp;K</field>
      </fields>
      <libsource lib="Switch" part="SW_Push" description="Push button switch, generic, two pins"/>
      <sheetpath names="/" tstamps="/"/>
      <tstamp>5D333F55</tstamp>
    </comp>
    <comp ref="U1">
      <value>AZ1117EH-3.3TRG1</value>
      <footprint>Package_TO_SOT_SMD:SOT-223-3_TabPin2</footprint>
      <datasheet>https://www.diodes.com/assets/Datasheets/AZ1117.pdf</datasheet>
      <fields>
        <field name="Description">IC REG LINEAR 3.3V 1A SOT223</field>
        <field name="Digi-Key_PN">AZ1117EH-3.3TRG1DICT-ND</field>
        <field name="MPN">AZ1117EH-3.3TRG1</field>
        <field name="Manufacturer">Diodes Incorporated</field>
      </fields>
      <libsource lib="Regulator_Linear" part="AZ1117-3.3" description="1A 20V Fixed LDO Linear Regulator, 3.3V, SOT-89/SOT-223/TO-220/TO-252/TO-263"/>
      <sheetpath names="/" tstamps="/"/>
      <tstamp>5D6F268B</tstamp>
    </comp>
    <comp ref="R8">
      <value>4.7k</value>
      <footprint>Resistor_SMD:R_0603_1608Metric</footprint>
      <fields>
        <field name="Description">RES SMD 4.7K OHM 1% 1/10W 0603</field>
        <field name="Digi-Key_PN">311-4.70KHRCT-ND</field>
        <field name="MPN">RC0603FR-074K7L</field>
        <field name="Manufacturer">Yageo</field>
      </fields>
      <libsource lib="Device" part="R" description="Resistor"/>
      <sheetpath names="/" tstamps="/"/>
      <tstamp>5D64DCF1</tstamp>
    </comp>
    <comp ref="R6">
      <value>4.7k</value>
      <footprint>Resistor_SMD:R_0603_1608Metric</footprint>
      <fields>
        <field name="Description">RES SMD 4.7K OHM 1% 1/10W 0603</field>
        <field name="Digi-Key_PN">311-4.70KHRCT-ND</field>
        <field name="MPN">RC0603FR-074K7L</field>
        <field name="Manufacturer">Yageo</field>
      </fields>
      <libsource lib="Device" part="R" description="Resistor"/>
      <sheetpath names="/" tstamps="/"/>
      <tstamp>5D665CAA</tstamp>
    </comp>
    <comp ref="P2">
      <value>CONN 2</value>
      <footprint>main:1024</footprint>
      <fields>
        <field name="Description">BATTERY HOLDER AA SMD TAB</field>
        <field name="Digi-Key_PN">36-1024-ND</field>
        <field name="MPN">1024</field>
        <field name="Manufacturer">Keystone Electronics</field>
      </fields>
      <libsource lib="Connector_Generic" part="Conn_01x02" description="Generic connector, single row, 01x02, script generated (kicad-library-utils/schlib/autogen/connector/)"/>
      <sheetpath names="/" tstamps="/"/>
      <tstamp>5FF39CB9</tstamp>
    </comp>
    <comp ref="J2">
      <value>Conn_02x05_Odd_Even</value>
      <footprint>Connector_PinHeader_2.54mm:PinHeader_2x05_P2.54mm_Vertical</footprint>
      <datasheet>~</datasheet>
      <fields>
        <field name="Description">CONN HEADER VERT 10POS 2.54MM</field>
        <field name="Digi-Key_PN">952-1927-ND</field>
        <field name="MPN">M20-9720545</field>
        <field name="Manufacturer">Harwin Inc.</field>
      </fields>
      <libsource lib="Connector_Generic" part="Conn_02x05_Odd_Even" description="Generic connector, double row, 02x05, odd/even pin numbering scheme (row 1 odd numbers, row 2 even numbers), script generated (kicad-library-utils/schlib/autogen/connector/)"/>
      <sheetpath names="/" tstamps="/"/>
      <tstamp>60D685F2</tstamp>
    </comp>
    <comp ref="R12">
      <value>1k</value>
      <footprint>Resistor_SMD:R_0603_1608Metric</footprint>
      <fields>
        <field name="Description">RES SMD 1K OHM 1% 1/8W 0603</field>
        <field name="Digi-Key_PN">MCT0603-1.00K-CFCT-ND</field>
        <field name="MPN">MCT06030C1001FP500</field>
        <field name="Manufacturer">Vishay Beyschlag</field>
      </fields>
      <libsource lib="Device" part="R" description="Resistor"/>
      <sheetpath names="/" tstamps="/"/>
      <tstamp>60A006DC</tstamp>
    </comp>
    <comp ref="R13">
      <value>1k</value>
      <footprint>Resistor_SMD:R_0603_1608Metric</footprint>
      <fields>
        <field name="Description">RES SMD 1K OHM 1% 1/8W 0603</field>
        <field name="Digi-Key_PN">MCT0603-1.00K-CFCT-ND</field>
        <field name="MPN">MCT06030C1001FP500</field>
        <field name="Manufacturer">Vishay Beyschlag</field>
      </fields>
      <libsource lib="Device" part="R" description="Resistor"/>
      <sheetpath names="/" tstamps="/"/>
      <tstamp>60A019D3</tstamp>
    </comp>
    <comp ref="D3">
      <value>RED</value>
      <footprint>LED_SMD:LED_0805_2012Metric</footprint>
      <datasheet>~</datasheet>
      <fields>
        <field name="Description">LED RED CLEAR SMD</field>
        <field name="Digi-Key_PN">160-1427-1-ND</field>
        <field name="MPN">LTST-C171KRKT</field>
        <field name="Manufacturer">Lite-On Inc.</field>
      </fields>
      <libsource lib="Device" part="LED_Small_ALT" description="Light emitting diode, small symbol, filled shape"/>
      <sheetpath names="/" tstamps="/"/>
      <tstamp>60A32450</tstamp>
    </comp>
    <comp ref="D4">
      <value>GREEN</value>
      <footprint>LED_SMD:LED_0805_2012Metric</footprint>
      <datasheet>~</datasheet>
      <fields>
        <field name="Description">LED GREEN CLEAR CHIP SMD</field>
        <field name="Digi-Key_PN">160-1423-1-ND</field>
        <field name="MPN">LTST-C171GKT</field>
        <field name="Manufacturer">Lite-On Inc.</field>
      </fields>
      <libsource lib="Device" part="LED_Small_ALT" description="Light emitting diode, small symbol, filled shape"/>
      <sheetpath names="/" tstamps="/"/>
      <tstamp>60A335A6</tstamp>
    </comp>
    <comp ref="R15">
      <value>47k</value>
      <footprint>Resistor_SMD:R_0603_1608Metric</footprint>
      <datasheet>~</datasheet>
      <fields>
        <field name="Description">RES SMD 10K OHM 1% 1/10W 0603</field>
        <field name="Digi-Key_PN">311-10.0KHRCT-ND</field>
        <field name="MPN">RC0603FR-0710KL</field>
        <field name="Manufacturer">Yageo</field>
      </fields>
      <libsource lib="Device" part="R_Small" description="Resistor, small symbol"/>
      <sheetpath names="/" tstamps="/"/>
      <tstamp>60E58385</tstamp>
    </comp>
    <comp ref="R16">
      <value>90k</value>
      <footprint>Resistor_SMD:R_0603_1608Metric</footprint>
      <datasheet>~</datasheet>
      <fields>
        <field name="Description">RES SMD 10K OHM 1% 1/10W 0603</field>
        <field name="Digi-Key_PN">311-10.0KHRCT-ND</field>
        <field name="MPN">RC0603FR-0710KL</field>
        <field name="Manufacturer">Yageo</field>
      </fields>
      <libsource lib="Device" part="R_Small" description="Resistor, small symbol"/>
      <sheetpath names="/" tstamps="/"/>
      <tstamp>60E59E7C</tstamp>
    </comp>
    <comp ref="J1">
      <value>217175-0001</value>
      <footprint>footprints:217175-0001</footprint>
      <libsource lib="2021-07-06_15-16-18" part="217175-0001" description=""/>
      <sheetpath names="/" tstamps="/"/>
      <tstamp>60E6E01A</tstamp>
    </comp>
  </components>
  <libparts>
    <libpart lib="2021-07-06_15-16-18" part="217175-0001">
      <footprints>
        <fp>2171750001_MOL</fp>
      </footprints>
      <fields>
        <field name="Reference">J</field>
        <field name="Value">217175-0001</field>
        <field name="Footprint">2171750001_MOL</field>
      </fields>
      <pins>
        <pin num="A5" name="CC1" type="BiDi"/>
        <pin num="A9" name="VBUS" type="power_in"/>
        <pin num="A12" name="GND" type="power_in"/>
        <pin num="B5" name="CC2" type="BiDi"/>
        <pin num="B9" name="VBUS" type="power_in"/>
        <pin num="B12" name="GND" type="power_in"/>
      </pins>
    </libpart>
    <libpart lib="Connector_Generic" part="Conn_01x02">
      <description>Generic connector, single row, 01x02, script generated (kicad-library-utils/schlib/autogen/connector/)</description>
      <docs>~</docs>
      <footprints>
        <fp>Connector*:*_1x??_*</fp>
      </footprints>
      <fields>
        <field name="Reference">J</field>
        <field name="Value">Conn_01x02</field>
      </fields>
      <pins>
        <pin num="1" name="Pin_1" type="passive"/>
        <pin num="2" name="Pin_2" type="passive"/>
      </pins>
    </libpart>
    <libpart lib="Connector_Generic" part="Conn_02x05_Odd_Even">
      <description>Generic connector, double row, 02x05, odd/even pin numbering scheme (row 1 odd numbers, row 2 even numbers), script generated (kicad-library-utils/schlib/autogen/connector/)</description>
      <docs>~</docs>
      <footprints>
        <fp>Connector*:*_2x??_*</fp>
      </footprints>
      <fields>
        <field name="Reference">J</field>
        <field name="Value">Conn_02x05_Odd_Even</field>
      </fields>
      <pins>
        <pin num="1" name="Pin_1" type="passive"/>
        <pin num="2" name="Pin_2" type="passive"/>
        <pin num="3" name="Pin_3" type="passive"/>
        <pin num="4" name="Pin_4" type="passive"/>
        <pin num="5" name="Pin_5" type="passive"/>
        <pin num="6" name="Pin_6" type="passive"/>
        <pin num="7" name="Pin_7" type="passive"/>
        <pin num="8" name="Pin_8" type="passive"/>
        <pin num="9" name="Pin_9" type="passive"/>
        <pin num="10" name="Pin_10" type="passive"/>
      </pins>
    </libpart>
    <libpart lib="Device" part="CP_Small">
      <description>Polarized capacitor, small symbol</description>
      <docs>~</docs>
      <footprints>
        <fp>CP_*</fp>
      </footprints>
      <fields>
        <field name="Reference">C</field>
        <field name="Value">CP_Small</field>
      </fields>
      <pins>
        <pin num="1" name="~" type="passive"/>
        <pin num="2" name="~" type="passive"/>
      </pins>
    </libpart>
    <libpart lib="Device" part="C_Small">
      <description>Unpolarized capacitor, small symbol</description>
      <docs>~</docs>
      <footprints>
        <fp>C_*</fp>
      </footprints>
      <fields>
        <field name="Reference">C</field>
        <field name="Value">C_Small</field>
      </fields>
      <pins>
        <pin num="1" name="~" type="passive"/>
        <pin num="2" name="~" type="passive"/>
      </pins>
    </libpart>
    <libpart lib="Device" part="LED_Small_ALT">
      <description>Light emitting diode, small symbol, filled shape</description>
      <docs>~</docs>
      <footprints>
        <fp>LED*</fp>
        <fp>LED_SMD:*</fp>
        <fp>LED_THT:*</fp>
      </footprints>
      <fields>
        <field name="Reference">D</field>
        <field name="Value">LED_Small_ALT</field>
      </fields>
      <pins>
        <pin num="1" name="K" type="passive"/>
        <pin num="2" name="A" type="passive"/>
      </pins>
    </libpart>
    <libpart lib="Device" part="R">
      <description>Resistor</description>
      <docs>~</docs>
      <footprints>
        <fp>R_*</fp>
      </footprints>
      <fields>
        <field name="Reference">R</field>
        <field name="Value">R</field>
      </fields>
      <pins>
        <pin num="1" name="~" type="passive"/>
        <pin num="2" name="~" type="passive"/>
      </pins>
    </libpart>
    <libpart lib="Device" part="R_Small">
      <description>Resistor, small symbol</description>
      <docs>~</docs>
      <footprints>
        <fp>R_*</fp>
      </footprints>
      <fields>
        <field name="Reference">R</field>
        <field name="Value">R_Small</field>
      </fields>
      <pins>
        <pin num="1" name="~" type="passive"/>
        <pin num="2" name="~" type="passive"/>
      </pins>
    </libpart>
    <libpart lib="PCB2-rescue" part="BQ29700DSET-dk_PMIC-Battery-Management">
      <fields>
        <field name="Reference">U</field>
        <field name="Value">BQ29700DSET-dk_PMIC-Battery-Management</field>
        <field name="Footprint">digikey-footprints:WFDFN-6_1.5x1.5mm</field>
        <field name="Datasheet">http://www.ti.com/general/docs/suppproductinfo.tsp?distId=10&amp;gotoUrl=http%3A%2F%2Fwww.ti.com%2Flit%2Fgpn%2Fbq2971</field>
        <field name="Digi-Key_PN">296-37746-1-ND</field>
        <field name="MPN">BQ29700DSET</field>
        <field name="Category">Integrated Circuits (ICs)</field>
        <field name="Family">PMIC - Battery Management</field>
        <field name="DK_Datasheet_Link">http://www.ti.com/general/docs/suppproductinfo.tsp?distId=10&amp;gotoUrl=http%3A%2F%2Fwww.ti.com%2Flit%2Fgpn%2Fbq2971</field>
        <field name="DK_Detail_Page">/product-detail/en/texas-instruments/BQ29700DSET/296-37746-1-ND/4840671</field>
        <field name="Description">IC LITHIUM BATT PROTECT 6-SON</field>
        <field name="Manufacturer">Texas Instruments</field>
        <field name="Status">Active</field>
      </fields>
      <pins>
        <pin num="1" name="NC" type="NotConnected"/>
        <pin num="2" name="COUT" type="output"/>
        <pin num="3" name="DOUT" type="output"/>
        <pin num="4" name="VSS" type="power_in"/>
        <pin num="5" name="BAT" type="power_in"/>
        <pin num="6" name="V-" type="input"/>
      </pins>
    </libpart>
    <libpart lib="PCB2-rescue" part="DS18B20+-iSpindel">
      <fields>
        <field name="Reference">Q</field>
        <field name="Value">DS18B20+-iSpindel</field>
        <field name="Footprint">TO-92</field>
        <field name="Datasheet">Maxim Integrated</field>
        <field name="Description">Temperature sensor; digital thermometer; -55÷125°C; TO92; THT</field>
        <field name="Price">3.24 USD</field>
        <field name="MP">DS18B20+</field>
        <field name="Package">TO-92 Maxim Integrated</field>
        <field name="Availability">Good</field>
      </fields>
      <pins>
        <pin num="1" name="GND" type="input"/>
        <pin num="2" name="DQ" type="BiDi"/>
        <pin num="3" name="VDD" type="input"/>
      </pins>
    </libpart>
    <libpart lib="PCB2-rescue" part="TP4056-main">
      <fields>
        <field name="Reference">U</field>
        <field name="Value">TP4056-main</field>
      </fields>
      <pins>
        <pin num="1" name="TEMP" type="passive"/>
        <pin num="2" name="PROG" type="passive"/>
        <pin num="3" name="GND" type="power_in"/>
        <pin num="4" name="VCC" type="power_in"/>
        <pin num="5" name="BAT" type="power_out"/>
        <pin num="6" name="~STDBY" type="openCol"/>
        <pin num="7" name="~CHRG" type="openCol"/>
        <pin num="8" name="CE" type="input"/>
        <pin num="9" name="~" type="power_in"/>
      </pins>
    </libpart>
    <libpart lib="PCB2-rescue" part="slide-SPDT-iSpindel">
      <fields>
        <field name="Reference">S</field>
        <field name="Value">slide-SPDT-iSpindel</field>
      </fields>
      <pins>
        <pin num="A" name="~" type="passive"/>
        <pin num="B" name="~" type="passive"/>
        <pin num="COM" name="~" type="passive"/>
      </pins>
    </libpart>
    <libpart lib="RF_Module" part="ESP32-WROOM-32U">
      <description>RF Module, ESP32-D0WD SoC, Wi-Fi 802.11b/g/n, Bluetooth, BLE, 32-bit, 2.7-3.6V, external antenna, SMD</description>
      <docs>https://www.espressif.com/sites/default/files/documentation/esp32-wroom-32d_esp32-wroom-32u_datasheet_en.pdf</docs>
      <footprints>
        <fp>ESP32?WROOM?32U*</fp>
      </footprints>
      <fields>
        <field name="Reference">U</field>
        <field name="Value">ESP32-WROOM-32U</field>
        <field name="Footprint">RF_Module:ESP32-WROOM-32U</field>
      </fields>
      <pins>
        <pin num="1" name="GND" type="power_in"/>
        <pin num="2" name="VDD" type="power_in"/>
        <pin num="3" name="EN" type="input"/>
        <pin num="4" name="SENSOR_VP" type="input"/>
        <pin num="5" name="SENSOR_VN" type="input"/>
        <pin num="6" name="IO34" type="input"/>
        <pin num="7" name="IO35" type="input"/>
        <pin num="8" name="IO32" type="BiDi"/>
        <pin num="9" name="IO33" type="BiDi"/>
        <pin num="10" name="IO25" type="BiDi"/>
        <pin num="11" name="IO26" type="BiDi"/>
        <pin num="12" name="IO27" type="BiDi"/>
        <pin num="13" name="IO14" type="BiDi"/>
        <pin num="14" name="IO12" type="BiDi"/>
        <pin num="15" name="GND" type="passive"/>
        <pin num="16" name="IO13" type="BiDi"/>
        <pin num="17" name="SHD/SD2" type="BiDi"/>
        <pin num="18" name="SWP/SD3" type="BiDi"/>
        <pin num="19" name="SCS/CMD" type="BiDi"/>
        <pin num="20" name="SCK/CLK" type="BiDi"/>
        <pin num="21" name="SDO/SD0" type="BiDi"/>
        <pin num="22" name="SDI/SD1" type="BiDi"/>
        <pin num="23" name="IO15" type="BiDi"/>
        <pin num="24" name="IO2" type="BiDi"/>
        <pin num="25" name="IO0" type="BiDi"/>
        <pin num="26" name="IO4" type="BiDi"/>
        <pin num="27" name="IO16" type="BiDi"/>
        <pin num="28" name="IO17" type="BiDi"/>
        <pin num="29" name="IO5" type="BiDi"/>
        <pin num="30" name="IO18" type="BiDi"/>
        <pin num="31" name="IO19" type="BiDi"/>
        <pin num="32" name="NC" type="NotConnected"/>
        <pin num="33" name="IO21" type="BiDi"/>
        <pin num="34" name="RXD0/IO3" type="BiDi"/>
        <pin num="35" name="TXD0/IO1" type="BiDi"/>
        <pin num="36" name="IO22" type="BiDi"/>
        <pin num="37" name="IO23" type="BiDi"/>
        <pin num="38" name="GND" type="passive"/>
        <pin num="39" name="GND" type="passive"/>
      </pins>
    </libpart>
    <libpart lib="Regulator_Linear" part="AZ1117-1.2">
      <aliases>
        <alias>AZ1117-1.5</alias>
        <alias>AZ1117-1.8</alias>
        <alias>AZ1117-2.5</alias>
        <alias>AZ1117-2.85</alias>
        <alias>AZ1117-3.3</alias>
        <alias>AZ1117-5.0</alias>
      </aliases>
      <description>1A 20V Fixed LDO Linear Regulator, 1.2V, SOT-89/SOT-223/TO-220/TO-252/TO-263</description>
      <docs>https://www.diodes.com/assets/Datasheets/AZ1117.pdf</docs>
      <footprints>
        <fp>SOT?223*</fp>
        <fp>SOT?89*</fp>
        <fp>TO?220*</fp>
        <fp>TO?252*</fp>
        <fp>TO?263*</fp>
      </footprints>
      <fields>
        <field name="Reference">U</field>
        <field name="Value">AZ1117-1.2</field>
      </fields>
      <pins>
        <pin num="1" name="GND" type="power_in"/>
        <pin num="2" name="VO" type="power_out"/>
        <pin num="3" name="VI" type="power_in"/>
      </pins>
    </libpart>
    <libpart lib="Sensor_Motion" part="MPU-6050">
      <description>InvenSense 6-Axis Motion Sensor, Gyroscope, Accelerometer, I2C</description>
      <docs>https://store.invensense.com/datasheets/invensense/MPU-6050_DataSheet_V3%204.pdf</docs>
      <footprints>
        <fp>*QFN-24*4x4mm*P0.5mm*</fp>
      </footprints>
      <fields>
        <field name="Reference">U</field>
        <field name="Value">MPU-6050</field>
        <field name="Footprint">Sensor_Motion:InvenSense_QFN-24_4x4mm_P0.5mm</field>
      </fields>
      <pins>
        <pin num="1" name="CLKIN" type="input"/>
        <pin num="6" name="AUX_SDA" type="BiDi"/>
        <pin num="7" name="AUX_SCL" type="output"/>
        <pin num="8" name="VDDIO" type="power_in"/>
        <pin num="9" name="AD0" type="input"/>
        <pin num="10" name="REGOUT" type="passive"/>
        <pin num="11" name="FSYNC" type="input"/>
        <pin num="12" name="INT" type="output"/>
        <pin num="13" name="VDD" type="power_in"/>
        <pin num="18" name="GND" type="power_in"/>
        <pin num="20" name="CPOUT" type="passive"/>
        <pin num="23" name="SCL" type="input"/>
        <pin num="24" name="SDA" type="BiDi"/>
      </pins>
    </libpart>
    <libpart lib="Switch" part="SW_Push">
      <description>Push button switch, generic, two pins</description>
      <docs>~</docs>
      <fields>
        <field name="Reference">SW</field>
        <field name="Value">SW_Push</field>
      </fields>
      <pins>
        <pin num="1" name="1" type="passive"/>
        <pin num="2" name="2" type="passive"/>
      </pins>
    </libpart>
    <libpart lib="Transistor_FET" part="CSD16301Q2">
      <aliases>
        <alias>CSD17313Q2</alias>
      </aliases>
      <description>5A Id, 25V Vds, NexFET N-Channel Power MOSFET, 19mOhm Ron, SON-6</description>
      <docs>http://www.ti.com/lit/ds/symlink/csd16301q2.pdf</docs>
      <footprints>
        <fp>Texas*DQK*</fp>
      </footprints>
      <fields>
        <field name="Reference">Q</field>
        <field name="Value">CSD16301Q2</field>
        <field name="Footprint">Package_SON:Texas_DQK</field>
      </fields>
      <pins>
        <pin num="1" name="D" type="passive"/>
        <pin num="2" name="D" type="passive"/>
        <pin num="3" name="G" type="passive"/>
        <pin num="4" name="S" type="passive"/>
        <pin num="5" name="D" type="passive"/>
        <pin num="6" name="D" type="passive"/>
        <pin num="7" name="S" type="passive"/>
        <pin num="8" name="D" type="passive"/>
      </pins>
    </libpart>
  </libparts>
  <libraries>
    <library logical="2021-07-06_15-16-18">
      <uri>E:\Projects\2021_7\Kicad_PCBUpdate_German\PCB2 3\PCB2_update\2021-07-06_15-16-18.lib</uri>
    </library>
    <library logical="Connector_Generic">
      <uri>C:\Program Files\KiCad\share\kicad\library/Connector_Generic.lib</uri>
    </library>
    <library logical="Device">
      <uri>C:\Program Files\KiCad\share\kicad\library/Device.lib</uri>
    </library>
    <library logical="PCB2-rescue">
      <uri>E:\Projects\2021_7\Kicad_PCBUpdate_German\PCB2 3\PCB2_update/PCB2-rescue.lib</uri>
    </library>
    <library logical="RF_Module">
      <uri>C:\Program Files\KiCad\share\kicad\library/RF_Module.lib</uri>
    </library>
    <library logical="Regulator_Linear">
      <uri>C:\Program Files\KiCad\share\kicad\library/Regulator_Linear.lib</uri>
    </library>
    <library logical="Sensor_Motion">
      <uri>C:\Program Files\KiCad\share\kicad\library/Sensor_Motion.lib</uri>
    </library>
    <library logical="Switch">
      <uri>C:\Program Files\KiCad\share\kicad\library/Switch.lib</uri>
    </library>
    <library logical="Transistor_FET">
      <uri>C:\Program Files\KiCad\share\kicad\library/Transistor_FET.lib</uri>
    </library>
  </libraries>
  <nets>
    <net code="1" name="Net-(SW1-Pad1)">
      <node ref="U2" pin="33"/>
      <node ref="SW1" pin="1"/>
    </net>
    <net code="2" name="Net-(R11-Pad2)">
      <node ref="R11" pin="2"/>
      <node ref="U5" pin="6"/>
    </net>
    <net code="3" name="Net-(U5-Pad1)">
      <node ref="U5" pin="1"/>
    </net>
    <net code="4" name="/EN">
      <node ref="U2" pin="3"/>
      <node ref="R1" pin="2"/>
      <node ref="J2" pin="4"/>
      <node ref="C2" pin="1"/>
    </net>
    <net code="5" name="/TXD">
      <node ref="J2" pin="9"/>
      <node ref="U2" pin="35"/>
    </net>
    <net code="6" name="/IO0">
      <node ref="R4" pin="2"/>
      <node ref="C10" pin="1"/>
      <node ref="J2" pin="3"/>
      <node ref="U2" pin="25"/>
    </net>
    <net code="7" name="/RXD">
      <node ref="U2" pin="34"/>
      <node ref="J2" pin="2"/>
    </net>
    <net code="8" name="Net-(U2-Pad24)">
      <node ref="U2" pin="24"/>
    </net>
    <net code="9" name="Net-(U2-Pad36)">
      <node ref="U2" pin="36"/>
    </net>
    <net code="10" name="Net-(U2-Pad8)">
      <node ref="U2" pin="8"/>
    </net>
    <net code="11" name="Net-(U2-Pad9)">
      <node ref="U2" pin="9"/>
    </net>
    <net code="12" name="Net-(U2-Pad6)">
      <node ref="U2" pin="6"/>
    </net>
    <net code="13" name="/GPIO13">
      <node ref="U2" pin="16"/>
      <node ref="J2" pin="6"/>
    </net>
    <net code="14" name="/BATT+">
      <node ref="R15" pin="1"/>
      <node ref="P1" pin="1"/>
      <node ref="U3" pin="5"/>
      <node ref="R10" pin="1"/>
      <node ref="S1" pin="B"/>
      <node ref="P2" pin="1"/>
    </net>
    <net code="15" name="Net-(R5-Pad1)">
      <node ref="R5" pin="1"/>
      <node ref="U3" pin="2"/>
    </net>
    <net code="16" name="Net-(C12-Pad1)">
      <node ref="C12" pin="1"/>
      <node ref="R10" pin="2"/>
      <node ref="U5" pin="5"/>
    </net>
    <net code="17" name="/BATT-">
      <node ref="C12" pin="2"/>
      <node ref="Q1" pin="4"/>
      <node ref="Q1" pin="7"/>
      <node ref="U5" pin="4"/>
      <node ref="P1" pin="2"/>
      <node ref="P2" pin="2"/>
    </net>
    <net code="18" name="Net-(D2-Pad1)">
      <node ref="R3" pin="1"/>
      <node ref="D2" pin="1"/>
    </net>
    <net code="19" name="Net-(D1-Pad1)">
      <node ref="D1" pin="1"/>
      <node ref="R2" pin="1"/>
    </net>
    <net code="20" name="Net-(Q1-Pad1)">
      <node ref="Q1" pin="2"/>
      <node ref="Q1" pin="8"/>
      <node ref="Q1" pin="6"/>
      <node ref="Q1" pin="1"/>
      <node ref="Q1" pin="5"/>
      <node ref="Q2" pin="1"/>
      <node ref="Q2" pin="8"/>
      <node ref="Q2" pin="6"/>
      <node ref="Q2" pin="5"/>
      <node ref="Q2" pin="2"/>
    </net>
    <net code="21" name="Net-(Q2-Pad3)">
      <node ref="U5" pin="2"/>
      <node ref="Q2" pin="3"/>
    </net>
    <net code="22" name="Net-(Q1-Pad3)">
      <node ref="U5" pin="3"/>
      <node ref="Q1" pin="3"/>
    </net>
    <net code="23" name="/GPIO14">
      <node ref="U2" pin="13"/>
      <node ref="J2" pin="7"/>
    </net>
    <net code="24" name="Net-(D3-Pad2)">
      <node ref="D3" pin="2"/>
      <node ref="R12" pin="2"/>
    </net>
    <net code="25" name="Net-(D4-Pad2)">
      <node ref="R13" pin="2"/>
      <node ref="D4" pin="2"/>
    </net>
    <net code="26" name="+3V3">
      <node ref="C9" pin="1"/>
      <node ref="R4" pin="1"/>
      <node ref="R1" pin="1"/>
      <node ref="C7" pin="2"/>
      <node ref="C5" pin="2"/>
      <node ref="U2" pin="2"/>
      <node ref="C8" pin="1"/>
      <node ref="R12" pin="1"/>
      <node ref="R13" pin="1"/>
      <node ref="C4" pin="1"/>
      <node ref="C6" pin="1"/>
      <node ref="U1" pin="2"/>
      <node ref="J2" pin="1"/>
    </net>
    <net code="27" name="Net-(D4-Pad1)">
      <node ref="D4" pin="1"/>
      <node ref="U2" pin="29"/>
    </net>
    <net code="28" name="/VBAT_AD">
      <node ref="U2" pin="7"/>
      <node ref="R15" pin="2"/>
      <node ref="R16" pin="1"/>
    </net>
    <net code="29" name="/DB18B20_VCC">
      <node ref="Q3" pin="3"/>
      <node ref="U2" pin="37"/>
      <node ref="R14" pin="1"/>
    </net>
    <net code="30" name="Net-(D3-Pad1)">
      <node ref="D3" pin="1"/>
      <node ref="U2" pin="26"/>
    </net>
    <net code="31" name="GND">
      <node ref="C9" pin="2"/>
      <node ref="U4" pin="18"/>
      <node ref="U4" pin="1"/>
      <node ref="C1" pin="2"/>
      <node ref="U2" pin="1"/>
      <node ref="R9" pin="1"/>
      <node ref="R7" pin="1"/>
      <node ref="Q3" pin="1"/>
      <node ref="U3" pin="9"/>
      <node ref="C11" pin="2"/>
      <node ref="C10" pin="2"/>
      <node ref="C14" pin="2"/>
      <node ref="U3" pin="1"/>
      <node ref="C13" pin="2"/>
      <node ref="U3" pin="3"/>
      <node ref="C4" pin="2"/>
      <node ref="C8" pin="2"/>
      <node ref="U2" pin="38"/>
      <node ref="U2" pin="39"/>
      <node ref="C6" pin="2"/>
      <node ref="U2" pin="15"/>
      <node ref="C3" pin="2"/>
      <node ref="C7" pin="1"/>
      <node ref="C5" pin="1"/>
      <node ref="SW1" pin="2"/>
      <node ref="U1" pin="1"/>
      <node ref="R11" pin="1"/>
      <node ref="J2" pin="10"/>
      <node ref="R5" pin="2"/>
      <node ref="C2" pin="2"/>
      <node ref="Q2" pin="4"/>
      <node ref="Q2" pin="7"/>
      <node ref="R16" pin="2"/>
      <node ref="J1" pin="A12"/>
      <node ref="J1" pin="B12"/>
    </net>
    <net code="32" name="Net-(J1-PadB5)">
      <node ref="J1" pin="B5"/>
    </net>
    <net code="33" name="Net-(J1-PadA5)">
      <node ref="J1" pin="A5"/>
    </net>
    <net code="34" name="/MPU_VCC">
      <node ref="R6" pin="1"/>
      <node ref="R8" pin="1"/>
      <node ref="C11" pin="1"/>
      <node ref="U4" pin="8"/>
      <node ref="U2" pin="11"/>
      <node ref="U4" pin="13"/>
    </net>
    <net code="35" name="/GPIO12">
      <node ref="J2" pin="5"/>
      <node ref="U2" pin="14"/>
    </net>
    <net code="36" name="/GPIO15">
      <node ref="U2" pin="23"/>
      <node ref="J2" pin="8"/>
    </net>
    <net code="37" name="/MPU_INT">
      <node ref="U4" pin="12"/>
      <node ref="U2" pin="31"/>
    </net>
    <net code="38" name="Net-(U2-Pad18)">
      <node ref="U2" pin="18"/>
    </net>
    <net code="39" name="/SCL">
      <node ref="R8" pin="2"/>
      <node ref="U4" pin="23"/>
      <node ref="U2" pin="27"/>
    </net>
    <net code="40" name="/SDA">
      <node ref="R6" pin="2"/>
      <node ref="U4" pin="24"/>
      <node ref="U2" pin="28"/>
    </net>
    <net code="41" name="Net-(U2-Pad4)">
      <node ref="U2" pin="4"/>
    </net>
    <net code="42" name="Net-(U2-Pad5)">
      <node ref="U2" pin="5"/>
    </net>
    <net code="43" name="Net-(U2-Pad21)">
      <node ref="U2" pin="21"/>
    </net>
    <net code="44" name="Net-(U2-Pad22)">
      <node ref="U2" pin="22"/>
    </net>
    <net code="45" name="Net-(U2-Pad17)">
      <node ref="U2" pin="17"/>
    </net>
    <net code="46" name="Net-(U2-Pad20)">
      <node ref="U2" pin="20"/>
    </net>
    <net code="47" name="Net-(U2-Pad19)">
      <node ref="U2" pin="19"/>
    </net>
    <net code="48" name="Net-(U2-Pad12)">
      <node ref="U2" pin="12"/>
    </net>
    <net code="49" name="Net-(U2-Pad10)">
      <node ref="U2" pin="10"/>
    </net>
    <net code="50" name="/TEMP">
      <node ref="R14" pin="2"/>
      <node ref="Q3" pin="2"/>
      <node ref="U2" pin="30"/>
    </net>
    <net code="51" name="Net-(S1-PadA)">
      <node ref="S1" pin="A"/>
    </net>
    <net code="52" name="+5V">
      <node ref="U1" pin="3"/>
      <node ref="S1" pin="COM"/>
      <node ref="C1" pin="1"/>
    </net>
    <net code="53" name="Net-(U2-Pad32)">
      <node ref="U2" pin="32"/>
    </net>
    <net code="54" name="Net-(R3-Pad2)">
      <node ref="R3" pin="2"/>
      <node ref="U3" pin="6"/>
    </net>
    <net code="55" name="Net-(R9-Pad2)">
      <node ref="R9" pin="2"/>
      <node ref="U4" pin="11"/>
    </net>
    <net code="56" name="Net-(C13-Pad1)">
      <node ref="C13" pin="1"/>
      <node ref="U4" pin="10"/>
    </net>
    <net code="57" name="Net-(R2-Pad2)">
      <node ref="U3" pin="7"/>
      <node ref="R2" pin="2"/>
    </net>
    <net code="58" name="Net-(C14-Pad1)">
      <node ref="C14" pin="1"/>
      <node ref="U4" pin="20"/>
    </net>
    <net code="59" name="VBUS">
      <node ref="J1" pin="B9"/>
      <node ref="J1" pin="A9"/>
      <node ref="C3" pin="1"/>
      <node ref="U3" pin="8"/>
      <node ref="D2" pin="2"/>
      <node ref="D1" pin="2"/>
      <node ref="U3" pin="4"/>
    </net>
    <net code="60" name="Net-(R7-Pad2)">
      <node ref="U4" pin="9"/>
      <node ref="R7" pin="2"/>
    </net>
    <net code="61" name="Net-(U4-Pad7)">
      <node ref="U4" pin="7"/>
    </net>
    <net code="62" name="Net-(U4-Pad6)">
      <node ref="U4" pin="6"/>
    </net>
  </nets>
</export>
