<?xml version="1.0" encoding="UTF-8"?>
<project-private xmlns="http://www.netbeans.org/ns/project-private/1">
    <editor-bookmarks xmlns="http://www.netbeans.org/ns/editor-bookmarks/2" lastBookmarkId="0"/>
    <open-files xmlns="http://www.netbeans.org/ns/projectui-open-files/2">
        <group>
            <file>file:/E:/Projects/2020_4/IR_Sensor_Norway/Proteus/PIC12F683_XC8/IR_Sensor.X/servo_driver.h</file>
            <file>file:/E:/Projects/2020_4/IR_Sensor_Norway/Proteus/PIC12F683_XC8/IR_Sensor.X/main.c</file>
        </group>
    </open-files>
</project-private>
