<?xml version="1.0" encoding="UTF-8"?>
<export version="D">
  <design>
    <source>E:\Projects\2020_6\Kicard_PCB_Denmark\PT-1901101_2\PT-1901101.sch</source>
    <date>6/9/2020 7:10:33 PM</date>
    <tool>Eeschema (5.1.5)-1</tool>
    <sheet number="1" name="/" tstamps="/">
      <title_block>
        <title>Sensor Interface.sch</title>
        <company>Eastway Technical Consultants LLC.</company>
        <rev/>
        <date>10 may 2016</date>
        <source>PT-1901101.sch</source>
        <comment number="1" value="Drawn by: K. Berkery"/>
        <comment number="2" value=""/>
        <comment number="3" value=""/>
        <comment number="4" value=""/>
      </title_block>
    </sheet>
  </design>
  <components>
    <comp ref="C21">
      <value>C</value>
      <footprint>PT-1902101:C_0805_HandSoldering</footprint>
      <libsource lib="PT-1901101-rescue" part="C-PT-1902101-rescue" description=""/>
      <sheetpath names="/" tstamps="/"/>
      <tstamp>57A95572</tstamp>
    </comp>
    <comp ref="C22">
      <value>C</value>
      <footprint>PT-1902101:C_0805_HandSoldering</footprint>
      <libsource lib="PT-1901101-rescue" part="C-PT-1902101-rescue" description=""/>
      <sheetpath names="/" tstamps="/"/>
      <tstamp>57A955DB</tstamp>
    </comp>
    <comp ref="J8">
      <value>SW-DP</value>
      <libsource lib="PT-1901101-rescue" part="CONN_01X04-PT-1902101-rescue" description=""/>
      <sheetpath names="/" tstamps="/"/>
      <tstamp>57A972D2</tstamp>
    </comp>
    <comp ref="R51">
      <value>R</value>
      <libsource lib="PT-1901101-rescue" part="R-PT-1902101-rescue" description=""/>
      <sheetpath names="/" tstamps="/"/>
      <tstamp>57A99A59</tstamp>
    </comp>
    <comp ref="D21">
      <value>LED</value>
      <libsource lib="PT-1901101-rescue" part="LED-PT-1902101-rescue" description=""/>
      <sheetpath names="/" tstamps="/"/>
      <tstamp>57A99BA8</tstamp>
    </comp>
    <comp ref="SW101">
      <value>SW_PUSH</value>
      <libsource lib="PT-1901101-rescue" part="SW_PUSH-PT-1902101-rescue" description=""/>
      <sheetpath names="/" tstamps="/"/>
      <tstamp>581D1A16</tstamp>
    </comp>
    <comp ref="R102">
      <value>R</value>
      <libsource lib="PT-1901101-rescue" part="R-PT-1902101-rescue" description=""/>
      <sheetpath names="/" tstamps="/"/>
      <tstamp>581D1A1E</tstamp>
    </comp>
    <comp ref="U501">
      <value>LM2575</value>
      <footprint>TO-220</footprint>
      <libsource lib="PT-1901101-rescue" part="LM2575-PT-1902101-rescue" description=""/>
      <sheetpath names="/" tstamps="/"/>
      <tstamp>5A0E8A44</tstamp>
    </comp>
    <comp ref="L501">
      <value>INDUCTOR</value>
      <libsource lib="PT-1901101-rescue" part="INDUCTOR-PT-1902101-rescue" description=""/>
      <sheetpath names="/" tstamps="/"/>
      <tstamp>5A0E9A10</tstamp>
    </comp>
    <comp ref="D501">
      <value>D_Schottky</value>
      <libsource lib="PT-1901101-rescue" part="D_Schottky-PT-1902101-rescue" description=""/>
      <sheetpath names="/" tstamps="/"/>
      <tstamp>5A0E9B5B</tstamp>
    </comp>
    <comp ref="C502">
      <value>C</value>
      <libsource lib="PT-1901101-rescue" part="C-PT-1902101-rescue" description=""/>
      <sheetpath names="/" tstamps="/"/>
      <tstamp>5A0EB205</tstamp>
    </comp>
    <comp ref="C501">
      <value>C</value>
      <libsource lib="PT-1901101-rescue" part="C-PT-1902101-rescue" description=""/>
      <sheetpath names="/" tstamps="/"/>
      <tstamp>5A0EBAE8</tstamp>
    </comp>
    <comp ref="C43">
      <value>CP</value>
      <libsource lib="PT-1901101-rescue" part="CP-PT-1902101-rescue" description=""/>
      <sheetpath names="/" tstamps="/"/>
      <tstamp>5A2F8BF8</tstamp>
    </comp>
    <comp ref="C44">
      <value>CP</value>
      <libsource lib="PT-1901101-rescue" part="CP-PT-1902101-rescue" description=""/>
      <sheetpath names="/" tstamps="/"/>
      <tstamp>5A2FA0B1</tstamp>
    </comp>
    <comp ref="SW501">
      <value>SWITCH_INV</value>
      <libsource lib="PT-1901101-rescue" part="SWITCH_INV-PT-1902101-rescue" description=""/>
      <sheetpath names="/" tstamps="/"/>
      <tstamp>5CAE7FF1</tstamp>
    </comp>
    <comp ref="P1">
      <value>CONN_01X02</value>
      <libsource lib="PT-1901101-rescue" part="CONN_01X02-PT-1902101-rescue" description=""/>
      <sheetpath names="/" tstamps="/"/>
      <tstamp>5CAEC573</tstamp>
    </comp>
    <comp ref="IC1">
      <value>ATSAM4SD32B</value>
      <libsource lib="PT-1901101-rescue" part="ATSAM4SD32B-PT-1902101-rescue" description=""/>
      <sheetpath names="/" tstamps="/"/>
      <tstamp>5CAF4F75</tstamp>
    </comp>
    <comp ref="J1">
      <value>CONN_01X02</value>
      <libsource lib="PT-1901101-rescue" part="CONN_01X02-PT-1902101-rescue" description=""/>
      <sheetpath names="/" tstamps="/"/>
      <tstamp>5CB1F86B</tstamp>
    </comp>
    <comp ref="R52">
      <value>R</value>
      <libsource lib="PT-1901101-rescue" part="R-PT-1902101-rescue" description=""/>
      <sheetpath names="/" tstamps="/"/>
      <tstamp>5CB4288F</tstamp>
    </comp>
    <comp ref="D22">
      <value>LED</value>
      <libsource lib="PT-1901101-rescue" part="LED-PT-1902101-rescue" description=""/>
      <sheetpath names="/" tstamps="/"/>
      <tstamp>5CB42895</tstamp>
    </comp>
    <comp ref="U317">
      <value>sn65hvd178</value>
      <libsource lib="PT-1901101-rescue" part="sn65hvd178-PT-1902101-rescue" description=""/>
      <sheetpath names="/" tstamps="/"/>
      <tstamp>5CAFF537</tstamp>
    </comp>
    <comp ref="P2">
      <value>CONN_01X02</value>
      <libsource lib="PT-1901101-rescue" part="CONN_01X02-PT-1902101-rescue" description=""/>
      <sheetpath names="/" tstamps="/"/>
      <tstamp>5CB04794</tstamp>
    </comp>
    <comp ref="P3">
      <value>CONN_01X02</value>
      <libsource lib="PT-1901101-rescue" part="CONN_01X02-PT-1902101-rescue" description=""/>
      <sheetpath names="/" tstamps="/"/>
      <tstamp>5CB0479A</tstamp>
    </comp>
    <comp ref="P4">
      <value>CONN_01X02</value>
      <libsource lib="PT-1901101-rescue" part="CONN_01X02-PT-1902101-rescue" description=""/>
      <sheetpath names="/" tstamps="/"/>
      <tstamp>5CB047A0</tstamp>
    </comp>
    <comp ref="P5">
      <value>CONN_01X02</value>
      <libsource lib="PT-1901101-rescue" part="CONN_01X02-PT-1902101-rescue" description=""/>
      <sheetpath names="/" tstamps="/"/>
      <tstamp>5CB047A6</tstamp>
    </comp>
    <comp ref="P6">
      <value>CONN_01X02</value>
      <libsource lib="PT-1901101-rescue" part="CONN_01X02-PT-1902101-rescue" description=""/>
      <sheetpath names="/" tstamps="/"/>
      <tstamp>5CB047AC</tstamp>
    </comp>
    <comp ref="P7">
      <value>CONN_01X02</value>
      <libsource lib="PT-1901101-rescue" part="CONN_01X02-PT-1902101-rescue" description=""/>
      <sheetpath names="/" tstamps="/"/>
      <tstamp>5CB047B2</tstamp>
    </comp>
    <comp ref="P8">
      <value>CONN_01X02</value>
      <libsource lib="PT-1901101-rescue" part="CONN_01X02-PT-1902101-rescue" description=""/>
      <sheetpath names="/" tstamps="/"/>
      <tstamp>5CB047B8</tstamp>
    </comp>
    <comp ref="C13">
      <value>C</value>
      <footprint>PT-1902101:C_0805_HandSoldering</footprint>
      <datasheet>~</datasheet>
      <libsource lib="PT-1901101-rescue" part="C-PT-1902101-rescue" description=""/>
      <sheetpath names="/" tstamps="/"/>
      <tstamp>5E6B0C82</tstamp>
    </comp>
    <comp ref="C14">
      <value>C</value>
      <footprint>PT-1902101:C_0805_HandSoldering</footprint>
      <datasheet>~</datasheet>
      <libsource lib="PT-1901101-rescue" part="C-PT-1902101-rescue" description=""/>
      <sheetpath names="/" tstamps="/"/>
      <tstamp>5E6B132D</tstamp>
    </comp>
    <comp ref="C33">
      <value>0.1uF</value>
      <footprint>PT-1902101:C_0805_HandSoldering</footprint>
      <libsource lib="PT-1901101-rescue" part="C-PT-1902101-rescue" description=""/>
      <sheetpath names="/" tstamps="/"/>
      <tstamp>5E94DC46</tstamp>
    </comp>
    <comp ref="C31">
      <value>0.1uF</value>
      <footprint>PT-1902101:C_0805_HandSoldering</footprint>
      <libsource lib="PT-1901101-rescue" part="C-PT-1902101-rescue" description=""/>
      <sheetpath names="/" tstamps="/"/>
      <tstamp>5E9A20CD</tstamp>
    </comp>
    <comp ref="C30">
      <value>0.1uF</value>
      <footprint>PT-1902101:C_0805_HandSoldering</footprint>
      <libsource lib="PT-1901101-rescue" part="C-PT-1902101-rescue" description=""/>
      <sheetpath names="/" tstamps="/"/>
      <tstamp>5E8F5EDC</tstamp>
    </comp>
    <comp ref="C32">
      <value>0.1uF</value>
      <footprint>PT-1902101:C_0805_HandSoldering</footprint>
      <libsource lib="PT-1901101-rescue" part="C-PT-1902101-rescue" description=""/>
      <sheetpath names="/" tstamps="/"/>
      <tstamp>5ECC386E</tstamp>
    </comp>
    <comp ref="C36">
      <value>0.1uF</value>
      <footprint>PT-1902101:C_0805_HandSoldering</footprint>
      <libsource lib="PT-1901101-rescue" part="C-PT-1902101-rescue" description=""/>
      <sheetpath names="/" tstamps="/"/>
      <tstamp>5F26CA72</tstamp>
    </comp>
    <comp ref="C101">
      <value>0.1uF</value>
      <footprint>PT-1902101:C_0805_HandSoldering</footprint>
      <libsource lib="PT-1901101-rescue" part="C-PT-1902101-rescue" description=""/>
      <sheetpath names="/" tstamps="/"/>
      <tstamp>5EC73535</tstamp>
    </comp>
    <comp ref="Y2">
      <value>Crystal</value>
      <footprint>Crystal:Crystal_SMD_3215-2Pin_3.2x1.5mm</footprint>
      <datasheet>~</datasheet>
      <libsource lib="Device" part="Crystal" description="Two pin crystal"/>
      <sheetpath names="/" tstamps="/"/>
      <tstamp>5E612861</tstamp>
    </comp>
    <comp ref="U311">
      <value>MAX306EUI</value>
      <footprint>21-0066J_28</footprint>
      <datasheet>Maxim</datasheet>
      <fields>
        <field name="Field4">Maxim</field>
        <field name="Field5">MAX306EUI+</field>
      </fields>
      <libsource lib="MAX306EUI" part="MAX306EUI" description=""/>
      <sheetpath names="/" tstamps="/"/>
      <tstamp>5EB865AE</tstamp>
    </comp>
    <comp ref="R13">
      <value>1k</value>
      <footprint>Resistor_SMD:R_0805_2012Metric</footprint>
      <libsource lib="PT-1901101-rescue" part="R-PT-1902101-rescue" description=""/>
      <sheetpath names="/" tstamps="/"/>
      <tstamp>5FC815C4</tstamp>
    </comp>
    <comp ref="R15">
      <value>0.3R</value>
      <footprint>Resistor_SMD:R_0805_2012Metric</footprint>
      <libsource lib="PT-1901101-rescue" part="R-PT-1902101-rescue" description=""/>
      <sheetpath names="/" tstamps="/"/>
      <tstamp>5FC815BE</tstamp>
    </comp>
    <comp ref="R9">
      <value>1k</value>
      <footprint>Resistor_SMD:R_0805_2012Metric</footprint>
      <libsource lib="PT-1901101-rescue" part="R-PT-1902101-rescue" description=""/>
      <sheetpath names="/" tstamps="/"/>
      <tstamp>5FC3AD24</tstamp>
    </comp>
    <comp ref="R11">
      <value>0.3R</value>
      <footprint>Resistor_SMD:R_0805_2012Metric</footprint>
      <libsource lib="PT-1901101-rescue" part="R-PT-1902101-rescue" description=""/>
      <sheetpath names="/" tstamps="/"/>
      <tstamp>5FC3AD1E</tstamp>
    </comp>
    <comp ref="R5">
      <value>1k</value>
      <footprint>Resistor_SMD:R_0805_2012Metric</footprint>
      <libsource lib="PT-1901101-rescue" part="R-PT-1902101-rescue" description=""/>
      <sheetpath names="/" tstamps="/"/>
      <tstamp>5FC0650D</tstamp>
    </comp>
    <comp ref="R7">
      <value>0.3R</value>
      <footprint>Resistor_SMD:R_0805_2012Metric</footprint>
      <libsource lib="PT-1901101-rescue" part="R-PT-1902101-rescue" description=""/>
      <sheetpath names="/" tstamps="/"/>
      <tstamp>5FC06507</tstamp>
    </comp>
    <comp ref="R1">
      <value>1k</value>
      <footprint>Resistor_SMD:R_0805_2012Metric</footprint>
      <libsource lib="PT-1901101-rescue" part="R-PT-1902101-rescue" description=""/>
      <sheetpath names="/" tstamps="/"/>
      <tstamp>5FBA9B7C</tstamp>
    </comp>
    <comp ref="R3">
      <value>0.3R</value>
      <footprint>Resistor_SMD:R_0805_2012Metric</footprint>
      <libsource lib="PT-1901101-rescue" part="R-PT-1902101-rescue" description=""/>
      <sheetpath names="/" tstamps="/"/>
      <tstamp>5FBA9B76</tstamp>
    </comp>
    <comp ref="R14">
      <value>1k</value>
      <footprint>Resistor_SMD:R_0805_2012Metric</footprint>
      <libsource lib="PT-1901101-rescue" part="R-PT-1902101-rescue" description=""/>
      <sheetpath names="/" tstamps="/"/>
      <tstamp>5FB608BE</tstamp>
    </comp>
    <comp ref="R16">
      <value>0.3R</value>
      <footprint>Resistor_SMD:R_0805_2012Metric</footprint>
      <libsource lib="PT-1901101-rescue" part="R-PT-1902101-rescue" description=""/>
      <sheetpath names="/" tstamps="/"/>
      <tstamp>5FB608B8</tstamp>
    </comp>
    <comp ref="R10">
      <value>1k</value>
      <footprint>Resistor_SMD:R_0805_2012Metric</footprint>
      <libsource lib="PT-1901101-rescue" part="R-PT-1902101-rescue" description=""/>
      <sheetpath names="/" tstamps="/"/>
      <tstamp>5FB18037</tstamp>
    </comp>
    <comp ref="R12">
      <value>0.3R</value>
      <footprint>Resistor_SMD:R_0805_2012Metric</footprint>
      <libsource lib="PT-1901101-rescue" part="R-PT-1902101-rescue" description=""/>
      <sheetpath names="/" tstamps="/"/>
      <tstamp>5FB18031</tstamp>
    </comp>
    <comp ref="R6">
      <value>1k</value>
      <footprint>Resistor_SMD:R_0805_2012Metric</footprint>
      <libsource lib="PT-1901101-rescue" part="R-PT-1902101-rescue" description=""/>
      <sheetpath names="/" tstamps="/"/>
      <tstamp>5FABBB24</tstamp>
    </comp>
    <comp ref="R8">
      <value>0.3R</value>
      <footprint>Resistor_SMD:R_0805_2012Metric</footprint>
      <libsource lib="PT-1901101-rescue" part="R-PT-1902101-rescue" description=""/>
      <sheetpath names="/" tstamps="/"/>
      <tstamp>5FABBB1E</tstamp>
    </comp>
    <comp ref="R2">
      <value>1k</value>
      <footprint>Resistor_SMD:R_0805_2012Metric</footprint>
      <libsource lib="PT-1901101-rescue" part="R-PT-1902101-rescue" description=""/>
      <sheetpath names="/" tstamps="/"/>
      <tstamp>5FA157CF</tstamp>
    </comp>
    <comp ref="R4">
      <value>0.3R</value>
      <footprint>Resistor_SMD:R_0805_2012Metric</footprint>
      <libsource lib="PT-1901101-rescue" part="R-PT-1902101-rescue" description=""/>
      <sheetpath names="/" tstamps="/"/>
      <tstamp>5F9A8B8C</tstamp>
    </comp>
    <comp ref="D2">
      <value>1N4148</value>
      <footprint>Diode_SMD:D_SOD-123</footprint>
      <datasheet>https://assets.nexperia.com/documents/data-sheet/1N4148_1N4448.pdf</datasheet>
      <libsource lib="Diode" part="1N4148" description="100V 0.15A standard switching diode, DO-35"/>
      <sheetpath names="/" tstamps="/"/>
      <tstamp>5F5EA5F3</tstamp>
    </comp>
    <comp ref="D4">
      <value>1N4148</value>
      <footprint>Diode_SMD:D_SOD-123</footprint>
      <datasheet>https://assets.nexperia.com/documents/data-sheet/1N4148_1N4448.pdf</datasheet>
      <libsource lib="Diode" part="1N4148" description="100V 0.15A standard switching diode, DO-35"/>
      <sheetpath names="/" tstamps="/"/>
      <tstamp>5F5D89CF</tstamp>
    </comp>
    <comp ref="D6">
      <value>1N4148</value>
      <footprint>Diode_SMD:D_SOD-123</footprint>
      <datasheet>https://assets.nexperia.com/documents/data-sheet/1N4148_1N4448.pdf</datasheet>
      <libsource lib="Diode" part="1N4148" description="100V 0.15A standard switching diode, DO-35"/>
      <sheetpath names="/" tstamps="/"/>
      <tstamp>5F5B6EBE</tstamp>
    </comp>
    <comp ref="D8">
      <value>1N4148</value>
      <footprint>Diode_SMD:D_SOD-123</footprint>
      <datasheet>https://assets.nexperia.com/documents/data-sheet/1N4148_1N4448.pdf</datasheet>
      <libsource lib="Diode" part="1N4148" description="100V 0.15A standard switching diode, DO-35"/>
      <sheetpath names="/" tstamps="/"/>
      <tstamp>5F5A5CA0</tstamp>
    </comp>
    <comp ref="D7">
      <value>1N4148</value>
      <footprint>Diode_SMD:D_SOD-123</footprint>
      <datasheet>https://assets.nexperia.com/documents/data-sheet/1N4148_1N4448.pdf</datasheet>
      <libsource lib="Diode" part="1N4148" description="100V 0.15A standard switching diode, DO-35"/>
      <sheetpath names="/" tstamps="/"/>
      <tstamp>5F595181</tstamp>
    </comp>
    <comp ref="D5">
      <value>1N4148</value>
      <footprint>Diode_SMD:D_SOD-123</footprint>
      <datasheet>https://assets.nexperia.com/documents/data-sheet/1N4148_1N4448.pdf</datasheet>
      <libsource lib="Diode" part="1N4148" description="100V 0.15A standard switching diode, DO-35"/>
      <sheetpath names="/" tstamps="/"/>
      <tstamp>5F583B2D</tstamp>
    </comp>
    <comp ref="D3">
      <value>1N4148</value>
      <footprint>Diode_SMD:D_SOD-123</footprint>
      <datasheet>https://assets.nexperia.com/documents/data-sheet/1N4148_1N4448.pdf</datasheet>
      <libsource lib="Diode" part="1N4148" description="100V 0.15A standard switching diode, DO-35"/>
      <sheetpath names="/" tstamps="/"/>
      <tstamp>5F572C8C</tstamp>
    </comp>
    <comp ref="D1">
      <value>1N4148</value>
      <footprint>Diode_SMD:D_SOD-123</footprint>
      <datasheet>https://assets.nexperia.com/documents/data-sheet/1N4148_1N4448.pdf</datasheet>
      <libsource lib="Diode" part="1N4148" description="100V 0.15A standard switching diode, DO-35"/>
      <sheetpath names="/" tstamps="/"/>
      <tstamp>5F52E95F</tstamp>
    </comp>
    <comp ref="P207">
      <value>CONN_01X02</value>
      <footprint>TerminalBlock_Phoenix:TerminalBlock_Phoenix_PT-1,5-2-3.5-H_1x02_P3.50mm_Horizontal</footprint>
      <libsource lib="PT-1901101-rescue" part="CONN_01X02-PT-1902101-rescue" description=""/>
      <sheetpath names="/" tstamps="/"/>
      <tstamp>5F562051</tstamp>
    </comp>
    <comp ref="R61">
      <value>330R</value>
      <footprint>Resistor_SMD:R_0805_2012Metric</footprint>
      <libsource lib="PT-1901101-rescue" part="R-PT-1902101-rescue" description=""/>
      <sheetpath names="/" tstamps="/"/>
      <tstamp>5EF64928</tstamp>
    </comp>
    <comp ref="P208">
      <value>CONN_01X02</value>
      <footprint>TerminalBlock_Phoenix:TerminalBlock_Phoenix_PT-1,5-2-3.5-H_1x02_P3.50mm_Horizontal</footprint>
      <libsource lib="PT-1901101-rescue" part="CONN_01X02-PT-1902101-rescue" description=""/>
      <sheetpath names="/" tstamps="/"/>
      <tstamp>5F562075</tstamp>
    </comp>
    <comp ref="R68">
      <value>330R</value>
      <footprint>Resistor_SMD:R_0805_2012Metric</footprint>
      <libsource lib="PT-1901101-rescue" part="R-PT-1902101-rescue" description=""/>
      <sheetpath names="/" tstamps="/"/>
      <tstamp>5F562069</tstamp>
    </comp>
    <comp ref="Q8">
      <value>BD139</value>
      <footprint>Package_TO_SOT_THT:TO-126-3_Vertical</footprint>
      <datasheet>http://www.st.com/internet/com/TECHNICAL_RESOURCES/TECHNICAL_LITERATURE/DATASHEET/CD00001225.pdf</datasheet>
      <libsource lib="Transistor_BJT" part="BD139" description="1.5A Ic, 80V Vce, Low Voltage Transistor, TO-126"/>
      <sheetpath names="/" tstamps="/"/>
      <tstamp>5F562063</tstamp>
    </comp>
    <comp ref="R67">
      <value>330R</value>
      <footprint>Resistor_SMD:R_0805_2012Metric</footprint>
      <libsource lib="PT-1901101-rescue" part="R-PT-1902101-rescue" description=""/>
      <sheetpath names="/" tstamps="/"/>
      <tstamp>5F562045</tstamp>
    </comp>
    <comp ref="Q7">
      <value>BD139</value>
      <footprint>Package_TO_SOT_THT:TO-126-3_Vertical</footprint>
      <datasheet>http://www.st.com/internet/com/TECHNICAL_RESOURCES/TECHNICAL_LITERATURE/DATASHEET/CD00001225.pdf</datasheet>
      <libsource lib="Transistor_BJT" part="BD139" description="1.5A Ic, 80V Vce, Low Voltage Transistor, TO-126"/>
      <sheetpath names="/" tstamps="/"/>
      <tstamp>5F56203F</tstamp>
    </comp>
    <comp ref="P206">
      <value>CONN_01X02</value>
      <footprint>TerminalBlock_Phoenix:TerminalBlock_Phoenix_PT-1,5-2-3.5-H_1x02_P3.50mm_Horizontal</footprint>
      <libsource lib="PT-1901101-rescue" part="CONN_01X02-PT-1902101-rescue" description=""/>
      <sheetpath names="/" tstamps="/"/>
      <tstamp>5F56202D</tstamp>
    </comp>
    <comp ref="R66">
      <value>330R</value>
      <footprint>Resistor_SMD:R_0805_2012Metric</footprint>
      <libsource lib="PT-1901101-rescue" part="R-PT-1902101-rescue" description=""/>
      <sheetpath names="/" tstamps="/"/>
      <tstamp>5F562021</tstamp>
    </comp>
    <comp ref="Q6">
      <value>BD139</value>
      <footprint>Package_TO_SOT_THT:TO-126-3_Vertical</footprint>
      <datasheet>http://www.st.com/internet/com/TECHNICAL_RESOURCES/TECHNICAL_LITERATURE/DATASHEET/CD00001225.pdf</datasheet>
      <libsource lib="Transistor_BJT" part="BD139" description="1.5A Ic, 80V Vce, Low Voltage Transistor, TO-126"/>
      <sheetpath names="/" tstamps="/"/>
      <tstamp>5F56201B</tstamp>
    </comp>
    <comp ref="P205">
      <value>CONN_01X02</value>
      <footprint>TerminalBlock_Phoenix:TerminalBlock_Phoenix_PT-1,5-2-3.5-H_1x02_P3.50mm_Horizontal</footprint>
      <libsource lib="PT-1901101-rescue" part="CONN_01X02-PT-1902101-rescue" description=""/>
      <sheetpath names="/" tstamps="/"/>
      <tstamp>5F562009</tstamp>
    </comp>
    <comp ref="R65">
      <value>330R</value>
      <footprint>Resistor_SMD:R_0805_2012Metric</footprint>
      <libsource lib="PT-1901101-rescue" part="R-PT-1902101-rescue" description=""/>
      <sheetpath names="/" tstamps="/"/>
      <tstamp>5F561FFD</tstamp>
    </comp>
    <comp ref="Q5">
      <value>BD139</value>
      <footprint>Package_TO_SOT_THT:TO-126-3_Vertical</footprint>
      <datasheet>http://www.st.com/internet/com/TECHNICAL_RESOURCES/TECHNICAL_LITERATURE/DATASHEET/CD00001225.pdf</datasheet>
      <libsource lib="Transistor_BJT" part="BD139" description="1.5A Ic, 80V Vce, Low Voltage Transistor, TO-126"/>
      <sheetpath names="/" tstamps="/"/>
      <tstamp>5F561FF7</tstamp>
    </comp>
    <comp ref="P204">
      <value>CONN_01X02</value>
      <footprint>TerminalBlock_Phoenix:TerminalBlock_Phoenix_PT-1,5-2-3.5-H_1x02_P3.50mm_Horizontal</footprint>
      <libsource lib="PT-1901101-rescue" part="CONN_01X02-PT-1902101-rescue" description=""/>
      <sheetpath names="/" tstamps="/"/>
      <tstamp>5F51F89C</tstamp>
    </comp>
    <comp ref="R64">
      <value>330R</value>
      <footprint>Resistor_SMD:R_0805_2012Metric</footprint>
      <libsource lib="PT-1901101-rescue" part="R-PT-1902101-rescue" description=""/>
      <sheetpath names="/" tstamps="/"/>
      <tstamp>5F51F890</tstamp>
    </comp>
    <comp ref="Q4">
      <value>BD139</value>
      <footprint>Package_TO_SOT_THT:TO-126-3_Vertical</footprint>
      <datasheet>http://www.st.com/internet/com/TECHNICAL_RESOURCES/TECHNICAL_LITERATURE/DATASHEET/CD00001225.pdf</datasheet>
      <libsource lib="Transistor_BJT" part="BD139" description="1.5A Ic, 80V Vce, Low Voltage Transistor, TO-126"/>
      <sheetpath names="/" tstamps="/"/>
      <tstamp>5F51F88A</tstamp>
    </comp>
    <comp ref="P203">
      <value>CONN_01X02</value>
      <footprint>TerminalBlock_Phoenix:TerminalBlock_Phoenix_PT-1,5-2-3.5-H_1x02_P3.50mm_Horizontal</footprint>
      <libsource lib="PT-1901101-rescue" part="CONN_01X02-PT-1902101-rescue" description=""/>
      <sheetpath names="/" tstamps="/"/>
      <tstamp>5F486300</tstamp>
    </comp>
    <comp ref="R63">
      <value>330R</value>
      <footprint>Resistor_SMD:R_0805_2012Metric</footprint>
      <libsource lib="PT-1901101-rescue" part="R-PT-1902101-rescue" description=""/>
      <sheetpath names="/" tstamps="/"/>
      <tstamp>5F4862F4</tstamp>
    </comp>
    <comp ref="Q3">
      <value>BD139</value>
      <footprint>Package_TO_SOT_THT:TO-126-3_Vertical</footprint>
      <datasheet>http://www.st.com/internet/com/TECHNICAL_RESOURCES/TECHNICAL_LITERATURE/DATASHEET/CD00001225.pdf</datasheet>
      <libsource lib="Transistor_BJT" part="BD139" description="1.5A Ic, 80V Vce, Low Voltage Transistor, TO-126"/>
      <sheetpath names="/" tstamps="/"/>
      <tstamp>5F4862EE</tstamp>
    </comp>
    <comp ref="P202">
      <value>CONN_01X02</value>
      <footprint>TerminalBlock_Phoenix:TerminalBlock_Phoenix_PT-1,5-2-3.5-H_1x02_P3.50mm_Horizontal</footprint>
      <libsource lib="PT-1901101-rescue" part="CONN_01X02-PT-1902101-rescue" description=""/>
      <sheetpath names="/" tstamps="/"/>
      <tstamp>5F456289</tstamp>
    </comp>
    <comp ref="R62">
      <value>330R</value>
      <footprint>Resistor_SMD:R_0805_2012Metric</footprint>
      <libsource lib="PT-1901101-rescue" part="R-PT-1902101-rescue" description=""/>
      <sheetpath names="/" tstamps="/"/>
      <tstamp>5F45627D</tstamp>
    </comp>
    <comp ref="Q2">
      <value>BD139</value>
      <footprint>Package_TO_SOT_THT:TO-126-3_Vertical</footprint>
      <datasheet>http://www.st.com/internet/com/TECHNICAL_RESOURCES/TECHNICAL_LITERATURE/DATASHEET/CD00001225.pdf</datasheet>
      <libsource lib="Transistor_BJT" part="BD139" description="1.5A Ic, 80V Vce, Low Voltage Transistor, TO-126"/>
      <sheetpath names="/" tstamps="/"/>
      <tstamp>5F456277</tstamp>
    </comp>
    <comp ref="P201">
      <value>CONN_01X02</value>
      <footprint>TerminalBlock_Phoenix:TerminalBlock_Phoenix_PT-1,5-2-3.5-H_1x02_P3.50mm_Horizontal</footprint>
      <libsource lib="PT-1901101-rescue" part="CONN_01X02-PT-1902101-rescue" description=""/>
      <sheetpath names="/" tstamps="/"/>
      <tstamp>5F046E63</tstamp>
    </comp>
    <comp ref="Q1">
      <value>BD139</value>
      <footprint>Package_TO_SOT_THT:TO-126-3_Vertical</footprint>
      <datasheet>http://www.st.com/internet/com/TECHNICAL_RESOURCES/TECHNICAL_LITERATURE/DATASHEET/CD00001225.pdf</datasheet>
      <libsource lib="Transistor_BJT" part="BD139" description="1.5A Ic, 80V Vce, Low Voltage Transistor, TO-126"/>
      <sheetpath names="/" tstamps="/"/>
      <tstamp>5EF6109E</tstamp>
    </comp>
    <comp ref="U303">
      <value>REF6025ID</value>
      <footprint>Package_SO:VSSOP-8_3.0x3.0mm_P0.65mm</footprint>
      <libsource lib="PT-1901101-rescue" part="REF6025ID-PT-1902101-rescue" description=""/>
      <sheetpath names="/" tstamps="/"/>
      <tstamp>6036FC20</tstamp>
    </comp>
    <comp ref="C7">
      <value>10uF</value>
      <footprint>Capacitor_SMD:C_0805_2012Metric_Pad1.15x1.40mm_HandSolder</footprint>
      <libsource lib="PT-1901101-rescue" part="C-PT-1902101-rescue" description=""/>
      <sheetpath names="/" tstamps="/"/>
      <tstamp>6037316C</tstamp>
    </comp>
    <comp ref="C6">
      <value>0.01uF</value>
      <footprint>Capacitor_SMD:C_0805_2012Metric_Pad1.15x1.40mm_HandSolder</footprint>
      <libsource lib="PT-1901101-rescue" part="C-PT-1902101-rescue" description=""/>
      <sheetpath names="/" tstamps="/"/>
      <tstamp>603BC838</tstamp>
    </comp>
    <comp ref="C8">
      <value>1uF</value>
      <footprint>Capacitor_SMD:C_0805_2012Metric_Pad1.15x1.40mm_HandSolder</footprint>
      <libsource lib="PT-1901101-rescue" part="C-PT-1902101-rescue" description=""/>
      <sheetpath names="/" tstamps="/"/>
      <tstamp>60452526</tstamp>
    </comp>
    <comp ref="R17">
      <value>121k</value>
      <footprint>Resistor_SMD:R_0805_2012Metric</footprint>
      <libsource lib="PT-1901101-rescue" part="R-PT-1902101-rescue" description=""/>
      <sheetpath names="/" tstamps="/"/>
      <tstamp>6049C139</tstamp>
    </comp>
    <comp ref="R18">
      <value>R</value>
      <footprint>Resistor_SMD:R_0805_2012Metric</footprint>
      <libsource lib="PT-1901101-rescue" part="R-PT-1902101-rescue" description=""/>
      <sheetpath names="/" tstamps="/"/>
      <tstamp>604B5614</tstamp>
    </comp>
    <comp ref="C9">
      <value>C</value>
      <footprint>Capacitor_SMD:C_0805_2012Metric_Pad1.15x1.40mm_HandSolder</footprint>
      <libsource lib="PT-1901101-rescue" part="C-PT-1902101-rescue" description=""/>
      <sheetpath names="/" tstamps="/"/>
      <tstamp>604CEA8C</tstamp>
    </comp>
  </components>
  <libparts>
    <libpart lib="Device" part="Crystal">
      <description>Two pin crystal</description>
      <docs>~</docs>
      <footprints>
        <fp>Crystal*</fp>
      </footprints>
      <fields>
        <field name="Reference">Y</field>
        <field name="Value">Crystal</field>
      </fields>
      <pins>
        <pin num="1" name="1" type="passive"/>
        <pin num="2" name="2" type="passive"/>
      </pins>
    </libpart>
    <libpart lib="Diode" part="1N4148">
      <aliases>
        <alias>1N4448</alias>
        <alias>1N4149</alias>
        <alias>1N4151</alias>
        <alias>1N914</alias>
        <alias>BA243</alias>
        <alias>BA244</alias>
        <alias>BA282</alias>
        <alias>BA283</alias>
        <alias>BAV17</alias>
        <alias>BAV18</alias>
        <alias>BAV19</alias>
        <alias>BAV20</alias>
        <alias>BAV21</alias>
        <alias>BAW75</alias>
        <alias>BAW76</alias>
        <alias>BAY93</alias>
      </aliases>
      <description>100V 0.15A standard switching diode, DO-35</description>
      <docs>https://assets.nexperia.com/documents/data-sheet/1N4148_1N4448.pdf</docs>
      <footprints>
        <fp>D*DO?35*</fp>
      </footprints>
      <fields>
        <field name="Reference">D</field>
        <field name="Value">1N4148</field>
        <field name="Footprint">Diode_THT:D_DO-35_SOD27_P7.62mm_Horizontal</field>
      </fields>
      <pins>
        <pin num="1" name="K" type="passive"/>
        <pin num="2" name="A" type="passive"/>
      </pins>
    </libpart>
    <libpart lib="MAX306EUI" part="MAX306EUI">
      <fields>
        <field name="Reference">U</field>
        <field name="Value">MAX306EUI</field>
        <field name="Footprint">21-0066J_28</field>
        <field name="Datasheet">Maxim</field>
        <field name="Field4">Maxim</field>
        <field name="Field5">MAX306EUI+</field>
      </fields>
      <pins>
        <pin num="1" name="V+" type="power_in"/>
        <pin num="4" name="NO16" type="passive"/>
        <pin num="5" name="NO15" type="passive"/>
        <pin num="6" name="NO14" type="passive"/>
        <pin num="7" name="NO13" type="passive"/>
        <pin num="8" name="NO12" type="passive"/>
        <pin num="9" name="NO11" type="passive"/>
        <pin num="10" name="NO10" type="passive"/>
        <pin num="11" name="NO9" type="passive"/>
        <pin num="12" name="GND" type="power_in"/>
        <pin num="14" name="A3" type="passive"/>
        <pin num="15" name="A2" type="passive"/>
        <pin num="16" name="A1" type="passive"/>
        <pin num="17" name="A0" type="passive"/>
        <pin num="18" name="EN" type="passive"/>
        <pin num="19" name="NO1" type="passive"/>
        <pin num="20" name="NO2" type="passive"/>
        <pin num="21" name="NO3" type="passive"/>
        <pin num="22" name="NO4" type="passive"/>
        <pin num="23" name="NO5" type="passive"/>
        <pin num="24" name="NO6" type="passive"/>
        <pin num="25" name="NO7" type="passive"/>
        <pin num="26" name="NO8" type="passive"/>
        <pin num="27" name="V-" type="power_in"/>
        <pin num="28" name="COM" type="passive"/>
      </pins>
    </libpart>
    <libpart lib="PT-1901101-rescue" part="ATSAM4SD32B-PT-1902101-rescue">
      <fields>
        <field name="Reference">IC</field>
        <field name="Value">ATSAM4SD32B-PT-1902101-rescue</field>
      </fields>
      <pins>
        <pin num="1" name="ADVREF" type="input"/>
        <pin num="2" name="GND" type="input"/>
        <pin num="3" name="PB0_RESET_BTN" type="input"/>
        <pin num="4" name="PB1_LED_ON" type="input"/>
        <pin num="5" name="LED_STATUS" type="passive"/>
        <pin num="6" name="~" type="passive"/>
        <pin num="7" name="VDDIN" type="passive"/>
        <pin num="8" name="VDDOUT" type="passive"/>
        <pin num="9" name="AD0" type="input"/>
        <pin num="10" name="AD1" type="input"/>
        <pin num="11" name="~" type="input"/>
        <pin num="12" name="VDDCORE" type="input"/>
        <pin num="13" name="AD2" type="input"/>
        <pin num="14" name="PA22_" type="input"/>
        <pin num="15" name="PA23_" type="input"/>
        <pin num="16" name="PA20_" type="input"/>
        <pin num="17" name="GND" type="input"/>
        <pin num="18" name="VDDIO" type="input"/>
        <pin num="19" name="~" type="input"/>
        <pin num="20" name="PA15_MUX_A3" type="input"/>
        <pin num="21" name="PA14_SPCK" type="input"/>
        <pin num="22" name="PA13_MOSI" type="input"/>
        <pin num="23" name="~" type="input"/>
        <pin num="24" name="VDDCORE" type="input"/>
        <pin num="25" name="~" type="input"/>
        <pin num="26" name="~" type="input"/>
        <pin num="27" name="PA12_MISO" type="input"/>
        <pin num="28" name="PA11_NCPS0" type="input"/>
        <pin num="29" name="PA10_NCPS2" type="input"/>
        <pin num="30" name="PA9_NPCS1" type="input"/>
        <pin num="31" name="~" type="input"/>
        <pin num="32" name="PA7_RTS0" type="input"/>
        <pin num="33" name="~" type="input"/>
        <pin num="34" name="PA6_TXD0" type="input"/>
        <pin num="35" name="PA5_RXD0" type="input"/>
        <pin num="36" name="PA4_MUX_A2" type="input"/>
        <pin num="39" name="NRST" type="input"/>
        <pin num="41" name="~" type="input"/>
        <pin num="42" name="~" type="input"/>
        <pin num="43" name="PA3_MUX_A1" type="input"/>
        <pin num="44" name="PA2_MUX_A0" type="input"/>
        <pin num="45" name="VDDIO" type="input"/>
        <pin num="46" name="GND" type="input"/>
        <pin num="47" name="PA1_MUX_EN" type="input"/>
        <pin num="48" name="~" type="passive"/>
        <pin num="49" name="~" type="input"/>
        <pin num="50" name="~" type="input"/>
        <pin num="51" name="SWDIO" type="input"/>
        <pin num="52" name="PA31" type="input"/>
        <pin num="53" name="SWCLK" type="input"/>
        <pin num="54" name="VDDCORE" type="input"/>
        <pin num="55" name="ERASE" type="input"/>
        <pin num="56" name="~" type="passive"/>
        <pin num="58" name="VDDIO" type="input"/>
        <pin num="59" name="~" type="input"/>
        <pin num="60" name="GND" type="input"/>
        <pin num="61" name="~" type="input"/>
        <pin num="62" name="~" type="input"/>
        <pin num="63" name="~" type="input"/>
        <pin num="64" name="VDDPLL" type="input"/>
      </pins>
    </libpart>
    <libpart lib="PT-1901101-rescue" part="C-PT-1902101-rescue">
      <footprints>
        <fp>C?</fp>
        <fp>C_????_*</fp>
        <fp>C_????</fp>
        <fp>SMD*_c</fp>
        <fp>Capacitor*</fp>
      </footprints>
      <fields>
        <field name="Reference">C</field>
        <field name="Value">C-PT-1902101-rescue</field>
        <field name="Footprint">PT-1902101:C_0805_HandSoldering</field>
      </fields>
      <pins>
        <pin num="1" name="~" type="passive"/>
        <pin num="2" name="~" type="passive"/>
      </pins>
    </libpart>
    <libpart lib="PT-1901101-rescue" part="CONN_01X02-PT-1902101-rescue">
      <footprints>
        <fp>Pin_Header_Straight_1X02</fp>
        <fp>Pin_Header_Angled_1X02</fp>
        <fp>Socket_Strip_Straight_1X02</fp>
        <fp>Socket_Strip_Angled_1X02</fp>
      </footprints>
      <fields>
        <field name="Reference">P</field>
        <field name="Value">CONN_01X02-PT-1902101-rescue</field>
      </fields>
      <pins>
        <pin num="1" name="P1" type="passive"/>
        <pin num="2" name="P2" type="passive"/>
      </pins>
    </libpart>
    <libpart lib="PT-1901101-rescue" part="CONN_01X04-PT-1902101-rescue">
      <footprints>
        <fp>Pin_Header_Straight_1X04</fp>
        <fp>Pin_Header_Angled_1X04</fp>
        <fp>Socket_Strip_Straight_1X04</fp>
        <fp>Socket_Strip_Angled_1X04</fp>
      </footprints>
      <fields>
        <field name="Reference">P</field>
        <field name="Value">CONN_01X04-PT-1902101-rescue</field>
      </fields>
      <pins>
        <pin num="1" name="P1" type="passive"/>
        <pin num="2" name="P2" type="passive"/>
        <pin num="3" name="P3" type="passive"/>
        <pin num="4" name="P4" type="passive"/>
      </pins>
    </libpart>
    <libpart lib="PT-1901101-rescue" part="CP-PT-1902101-rescue">
      <footprints>
        <fp>CP*</fp>
        <fp>C_Axial*</fp>
        <fp>C_Radial*</fp>
        <fp>TantalC*</fp>
        <fp>C*elec</fp>
        <fp>c_elec*</fp>
        <fp>SMD*_Pol</fp>
      </footprints>
      <fields>
        <field name="Reference">C</field>
        <field name="Value">CP-PT-1902101-rescue</field>
      </fields>
      <pins>
        <pin num="1" name="~" type="passive"/>
        <pin num="2" name="~" type="passive"/>
      </pins>
    </libpart>
    <libpart lib="PT-1901101-rescue" part="D_Schottky-PT-1902101-rescue">
      <footprints>
        <fp>D-Pak_TO252AA</fp>
        <fp>Diode_*</fp>
        <fp>*SingleDiode</fp>
        <fp>*SingleDiode*</fp>
        <fp>*_Diode_*</fp>
      </footprints>
      <fields>
        <field name="Reference">D</field>
        <field name="Value">D_Schottky-PT-1902101-rescue</field>
      </fields>
      <pins>
        <pin num="1" name="K" type="passive"/>
        <pin num="2" name="A" type="passive"/>
      </pins>
    </libpart>
    <libpart lib="PT-1901101-rescue" part="INDUCTOR-PT-1902101-rescue">
      <footprints>
        <fp>Choke_*</fp>
        <fp>*Coil*</fp>
      </footprints>
      <fields>
        <field name="Reference">L</field>
        <field name="Value">INDUCTOR-PT-1902101-rescue</field>
      </fields>
      <pins>
        <pin num="1" name="1" type="passive"/>
        <pin num="2" name="2" type="passive"/>
      </pins>
    </libpart>
    <libpart lib="PT-1901101-rescue" part="LED-PT-1902101-rescue">
      <footprints>
        <fp>LED-*</fp>
        <fp>LED_*</fp>
      </footprints>
      <fields>
        <field name="Reference">D</field>
        <field name="Value">LED-PT-1902101-rescue</field>
      </fields>
      <pins>
        <pin num="1" name="K" type="passive"/>
        <pin num="2" name="A" type="passive"/>
      </pins>
    </libpart>
    <libpart lib="PT-1901101-rescue" part="LM2575-PT-1902101-rescue">
      <fields>
        <field name="Reference">U</field>
        <field name="Value">LM2575-PT-1902101-rescue</field>
        <field name="Footprint">TO-220</field>
      </fields>
      <pins>
        <pin num="1" name="VIN" type="input"/>
        <pin num="2" name="OUT" type="input"/>
        <pin num="3" name="GND" type="input"/>
        <pin num="4" name="FB" type="input"/>
        <pin num="5" name="ON/OFF" type="input"/>
      </pins>
    </libpart>
    <libpart lib="PT-1901101-rescue" part="R-PT-1902101-rescue">
      <footprints>
        <fp>R_*</fp>
        <fp>Resistor_*</fp>
      </footprints>
      <fields>
        <field name="Reference">R</field>
        <field name="Value">R-PT-1902101-rescue</field>
      </fields>
      <pins>
        <pin num="1" name="~" type="passive"/>
        <pin num="2" name="~" type="passive"/>
      </pins>
    </libpart>
    <libpart lib="PT-1901101-rescue" part="REF6025ID-PT-1902101-rescue">
      <footprints>
        <fp>SOIC*</fp>
      </footprints>
      <fields>
        <field name="Reference">U</field>
        <field name="Value">REF6025ID-PT-1902101-rescue</field>
      </fields>
      <pins>
        <pin num="1" name="VIN" type="input"/>
        <pin num="2" name="EN" type="output"/>
        <pin num="3" name="SS" type="input"/>
        <pin num="4" name="FILT" type="input"/>
        <pin num="5" name="OUT_S" type="input"/>
        <pin num="6" name="OUT_F" type="output"/>
        <pin num="7" name="GND_F" type="input"/>
        <pin num="8" name="GND_S" type="input"/>
      </pins>
    </libpart>
    <libpart lib="PT-1901101-rescue" part="SWITCH_INV-PT-1902101-rescue">
      <fields>
        <field name="Reference">SW</field>
        <field name="Value">SWITCH_INV-PT-1902101-rescue</field>
      </fields>
      <pins>
        <pin num="1" name="1" type="passive"/>
        <pin num="2" name="2" type="passive"/>
        <pin num="3" name="3" type="passive"/>
      </pins>
    </libpart>
    <libpart lib="PT-1901101-rescue" part="SW_PUSH-PT-1902101-rescue">
      <fields>
        <field name="Reference">SW</field>
        <field name="Value">SW_PUSH-PT-1902101-rescue</field>
      </fields>
      <pins>
        <pin num="1" name="1" type="passive"/>
        <pin num="2" name="2" type="passive"/>
      </pins>
    </libpart>
    <libpart lib="PT-1901101-rescue" part="sn65hvd178-PT-1902101-rescue">
      <footprints>
        <fp>SOIC*</fp>
        <fp>PDIP*</fp>
      </footprints>
      <fields>
        <field name="Reference">U</field>
        <field name="Value">sn65hvd178-PT-1902101-rescue</field>
      </fields>
      <pins>
        <pin num="1" name="R" type="output"/>
        <pin num="2" name="~RE" type="input"/>
        <pin num="3" name="DE" type="input"/>
        <pin num="4" name="D" type="input"/>
        <pin num="5" name="GND" type="output"/>
        <pin num="6" name="A" type="output"/>
        <pin num="7" name="B" type="input"/>
        <pin num="8" name="VCC" type="input"/>
      </pins>
    </libpart>
    <libpart lib="Transistor_BJT" part="BD139">
      <aliases>
        <alias>BD135</alias>
        <alias>BD137</alias>
        <alias>BD233</alias>
        <alias>BD235</alias>
        <alias>BD237</alias>
      </aliases>
      <description>1.5A Ic, 80V Vce, Low Voltage Transistor, TO-126</description>
      <docs>http://www.st.com/internet/com/TECHNICAL_RESOURCES/TECHNICAL_LITERATURE/DATASHEET/CD00001225.pdf</docs>
      <footprints>
        <fp>TO?126*</fp>
      </footprints>
      <fields>
        <field name="Reference">Q</field>
        <field name="Value">BD139</field>
        <field name="Footprint">Package_TO_SOT_THT:TO-126-3_Vertical</field>
      </fields>
      <pins>
        <pin num="1" name="E" type="passive"/>
        <pin num="2" name="C" type="passive"/>
        <pin num="3" name="B" type="input"/>
      </pins>
    </libpart>
  </libparts>
  <libraries>
    <library logical="Device">
      <uri>C:\Program Files\KiCad\share\kicad\library/Device.lib</uri>
    </library>
    <library logical="Diode">
      <uri>C:\Program Files\KiCad\share\kicad\library/Diode.lib</uri>
    </library>
    <library logical="MAX306EUI">
      <uri>E:\Projects\2020_6\Kicard_PCB_Denmark\PT-1901101_2/MAX306EUI.lib</uri>
    </library>
    <library logical="PT-1901101-rescue">
      <uri>E:\Projects\2020_6\Kicard_PCB_Denmark\PT-1901101_2/PT-1901101-rescue.lib</uri>
    </library>
    <library logical="Transistor_BJT">
      <uri>C:\Program Files\KiCad\share\kicad\library/Transistor_BJT.lib</uri>
    </library>
  </libraries>
  <nets>
    <net code="1" name="Net-(Q4-Pad3)">
      <node ref="R13" pin="1"/>
      <node ref="Q4" pin="3"/>
      <node ref="R64" pin="1"/>
    </net>
    <net code="2" name="Net-(Q3-Pad3)">
      <node ref="R9" pin="1"/>
      <node ref="Q3" pin="3"/>
      <node ref="R63" pin="1"/>
    </net>
    <net code="3" name="Net-(Q3-Pad1)">
      <node ref="Q3" pin="1"/>
      <node ref="R11" pin="1"/>
    </net>
    <net code="4" name="Net-(Q4-Pad1)">
      <node ref="Q4" pin="1"/>
      <node ref="R15" pin="1"/>
    </net>
    <net code="5" name="Net-(Q2-Pad3)">
      <node ref="R5" pin="1"/>
      <node ref="R62" pin="1"/>
      <node ref="Q2" pin="3"/>
    </net>
    <net code="6" name="Net-(Q2-Pad1)">
      <node ref="R7" pin="1"/>
      <node ref="Q2" pin="1"/>
    </net>
    <net code="7" name="GNDD">
      <node ref="C8" pin="2"/>
      <node ref="U303" pin="7"/>
      <node ref="P3" pin="2"/>
      <node ref="P5" pin="2"/>
      <node ref="P7" pin="2"/>
      <node ref="C7" pin="2"/>
      <node ref="U303" pin="8"/>
      <node ref="C6" pin="2"/>
      <node ref="C22" pin="2"/>
      <node ref="C44" pin="2"/>
      <node ref="C501" pin="2"/>
      <node ref="C43" pin="2"/>
      <node ref="C502" pin="2"/>
      <node ref="P1" pin="2"/>
      <node ref="R102" pin="1"/>
      <node ref="C21" pin="2"/>
      <node ref="J8" pin="3"/>
      <node ref="D21" pin="1"/>
      <node ref="IC1" pin="17"/>
      <node ref="U501" pin="3"/>
      <node ref="U501" pin="5"/>
      <node ref="D501" pin="2"/>
      <node ref="IC1" pin="46"/>
      <node ref="IC1" pin="60"/>
      <node ref="IC1" pin="2"/>
      <node ref="R17" pin="2"/>
      <node ref="R18" pin="1"/>
      <node ref="C32" pin="2"/>
      <node ref="C36" pin="2"/>
      <node ref="C33" pin="2"/>
      <node ref="C31" pin="2"/>
      <node ref="C30" pin="2"/>
      <node ref="R3" pin="2"/>
      <node ref="R13" pin="2"/>
      <node ref="R15" pin="2"/>
      <node ref="R9" pin="2"/>
      <node ref="R11" pin="2"/>
      <node ref="R5" pin="2"/>
      <node ref="R7" pin="2"/>
      <node ref="R1" pin="2"/>
      <node ref="U311" pin="12"/>
      <node ref="U311" pin="27"/>
      <node ref="C101" pin="1"/>
      <node ref="R14" pin="2"/>
      <node ref="R16" pin="2"/>
      <node ref="R10" pin="2"/>
      <node ref="R12" pin="2"/>
      <node ref="R6" pin="2"/>
      <node ref="R8" pin="2"/>
      <node ref="R2" pin="2"/>
      <node ref="R4" pin="2"/>
      <node ref="C13" pin="2"/>
      <node ref="C14" pin="2"/>
      <node ref="U317" pin="5"/>
    </net>
    <net code="8" name="Net-(Q7-Pad3)">
      <node ref="Q7" pin="3"/>
      <node ref="R67" pin="1"/>
      <node ref="R10" pin="1"/>
    </net>
    <net code="9" name="Net-(Q6-Pad1)">
      <node ref="R8" pin="1"/>
      <node ref="Q6" pin="1"/>
    </net>
    <net code="10" name="Net-(Q6-Pad3)">
      <node ref="R66" pin="1"/>
      <node ref="Q6" pin="3"/>
      <node ref="R6" pin="1"/>
    </net>
    <net code="11" name="Net-(Q5-Pad3)">
      <node ref="R2" pin="1"/>
      <node ref="R65" pin="1"/>
      <node ref="Q5" pin="3"/>
    </net>
    <net code="12" name="Net-(Q5-Pad1)">
      <node ref="R4" pin="1"/>
      <node ref="Q5" pin="1"/>
    </net>
    <net code="13" name="Net-(Q8-Pad1)">
      <node ref="R16" pin="1"/>
      <node ref="Q8" pin="1"/>
    </net>
    <net code="14" name="Net-(Q7-Pad1)">
      <node ref="Q7" pin="1"/>
      <node ref="R12" pin="1"/>
    </net>
    <net code="15" name="Net-(Q1-Pad1)">
      <node ref="Q1" pin="1"/>
      <node ref="R3" pin="1"/>
    </net>
    <net code="16" name="Net-(Q1-Pad3)">
      <node ref="R1" pin="1"/>
      <node ref="R61" pin="1"/>
      <node ref="Q1" pin="3"/>
    </net>
    <net code="17" name="Net-(U311-Pad11)">
      <node ref="U311" pin="11"/>
    </net>
    <net code="18" name="Net-(U311-Pad10)">
      <node ref="U311" pin="10"/>
    </net>
    <net code="19" name="Net-(U311-Pad4)">
      <node ref="U311" pin="4"/>
    </net>
    <net code="20" name="Net-(U311-Pad5)">
      <node ref="U311" pin="5"/>
    </net>
    <net code="21" name="Net-(U311-Pad6)">
      <node ref="U311" pin="6"/>
    </net>
    <net code="22" name="Net-(U311-Pad7)">
      <node ref="U311" pin="7"/>
    </net>
    <net code="23" name="Net-(U311-Pad8)">
      <node ref="U311" pin="8"/>
    </net>
    <net code="24" name="Net-(U311-Pad9)">
      <node ref="U311" pin="9"/>
    </net>
    <net code="25" name="Relay1_CON">
      <node ref="R61" pin="2"/>
      <node ref="U311" pin="19"/>
    </net>
    <net code="26" name="Relay2_CON">
      <node ref="R62" pin="2"/>
      <node ref="U311" pin="20"/>
    </net>
    <net code="27" name="Relay3_CON">
      <node ref="U311" pin="21"/>
      <node ref="R63" pin="2"/>
    </net>
    <net code="28" name="Relay4_CON">
      <node ref="R64" pin="2"/>
      <node ref="U311" pin="22"/>
    </net>
    <net code="29" name="CURRENT_SENSOR_OUTPUT">
      <node ref="IC1" pin="13"/>
    </net>
    <net code="30" name="Relay5_CON">
      <node ref="U311" pin="23"/>
      <node ref="R65" pin="2"/>
    </net>
    <net code="31" name="RTS0">
      <node ref="U317" pin="3"/>
      <node ref="IC1" pin="32"/>
      <node ref="U317" pin="2"/>
    </net>
    <net code="32" name="Relay_CON">
      <node ref="U311" pin="28"/>
      <node ref="IC1" pin="30"/>
    </net>
    <net code="33" name="Net-(Q8-Pad3)">
      <node ref="R14" pin="1"/>
      <node ref="Q8" pin="3"/>
      <node ref="R68" pin="1"/>
    </net>
    <net code="34" name="Relay6_CON">
      <node ref="R66" pin="2"/>
      <node ref="U311" pin="24"/>
    </net>
    <net code="35" name="Relay7_CON">
      <node ref="R67" pin="2"/>
      <node ref="U311" pin="25"/>
    </net>
    <net code="36" name="Relay8_CON">
      <node ref="U311" pin="26"/>
      <node ref="R68" pin="2"/>
    </net>
    <net code="37" name="FILTER_MUX_EN">
      <node ref="IC1" pin="14"/>
    </net>
    <net code="38" name="+24V">
      <node ref="U501" pin="1"/>
      <node ref="P7" pin="1"/>
      <node ref="P207" pin="1"/>
      <node ref="SW501" pin="1"/>
      <node ref="C44" pin="1"/>
      <node ref="C43" pin="1"/>
      <node ref="C501" pin="1"/>
      <node ref="P3" pin="1"/>
      <node ref="P5" pin="1"/>
      <node ref="P204" pin="1"/>
      <node ref="U311" pin="1"/>
      <node ref="D8" pin="1"/>
      <node ref="D7" pin="1"/>
      <node ref="P203" pin="1"/>
      <node ref="D4" pin="1"/>
      <node ref="D2" pin="1"/>
      <node ref="P201" pin="1"/>
      <node ref="D6" pin="1"/>
      <node ref="P208" pin="1"/>
      <node ref="P202" pin="1"/>
      <node ref="P205" pin="1"/>
      <node ref="D5" pin="1"/>
      <node ref="P206" pin="1"/>
      <node ref="D1" pin="1"/>
      <node ref="D3" pin="1"/>
    </net>
    <net code="39" name="Net-(D1-Pad2)">
      <node ref="Q1" pin="2"/>
      <node ref="P201" pin="2"/>
      <node ref="D1" pin="2"/>
    </net>
    <net code="40" name="Net-(D3-Pad2)">
      <node ref="P202" pin="2"/>
      <node ref="Q2" pin="2"/>
      <node ref="D3" pin="2"/>
    </net>
    <net code="41" name="Net-(R17-Pad1)">
      <node ref="R17" pin="1"/>
      <node ref="U303" pin="3"/>
    </net>
    <net code="42" name="+2V5">
      <node ref="U303" pin="5"/>
      <node ref="IC1" pin="1"/>
      <node ref="U303" pin="6"/>
      <node ref="C9" pin="1"/>
    </net>
    <net code="43" name="+3V3">
      <node ref="IC1" pin="58"/>
      <node ref="IC1" pin="18"/>
      <node ref="IC1" pin="45"/>
      <node ref="C36" pin="1"/>
      <node ref="IC1" pin="7"/>
      <node ref="U501" pin="4"/>
      <node ref="J8" pin="1"/>
      <node ref="L501" pin="1"/>
      <node ref="C502" pin="1"/>
      <node ref="C31" pin="1"/>
      <node ref="R51" pin="2"/>
      <node ref="C6" pin="1"/>
      <node ref="R52" pin="2"/>
      <node ref="C33" pin="1"/>
      <node ref="U303" pin="2"/>
      <node ref="U303" pin="1"/>
      <node ref="C7" pin="1"/>
      <node ref="U317" pin="8"/>
      <node ref="J1" pin="2"/>
    </net>
    <net code="44" name="Net-(C8-Pad1)">
      <node ref="C8" pin="1"/>
      <node ref="U303" pin="4"/>
    </net>
    <net code="45" name="Net-(C9-Pad2)">
      <node ref="R18" pin="2"/>
      <node ref="C9" pin="2"/>
    </net>
    <net code="46" name="Net-(D2-Pad2)">
      <node ref="P205" pin="2"/>
      <node ref="Q5" pin="2"/>
      <node ref="D2" pin="2"/>
    </net>
    <net code="47" name="Net-(D4-Pad2)">
      <node ref="Q6" pin="2"/>
      <node ref="P206" pin="2"/>
      <node ref="D4" pin="2"/>
    </net>
    <net code="48" name="Net-(D7-Pad2)">
      <node ref="P204" pin="2"/>
      <node ref="D7" pin="2"/>
      <node ref="Q4" pin="2"/>
    </net>
    <net code="49" name="Net-(D5-Pad2)">
      <node ref="P203" pin="2"/>
      <node ref="D5" pin="2"/>
      <node ref="Q3" pin="2"/>
    </net>
    <net code="50" name="Net-(D8-Pad2)">
      <node ref="D8" pin="2"/>
      <node ref="Q8" pin="2"/>
      <node ref="P208" pin="2"/>
    </net>
    <net code="51" name="Net-(D6-Pad2)">
      <node ref="P207" pin="2"/>
      <node ref="D6" pin="2"/>
      <node ref="Q7" pin="2"/>
    </net>
    <net code="52" name="Net-(D22-Pad2)">
      <node ref="R52" pin="1"/>
      <node ref="D22" pin="2"/>
    </net>
    <net code="53" name="LED_STATUS">
      <node ref="IC1" pin="5"/>
      <node ref="D22" pin="1"/>
    </net>
    <net code="54" name="Net-(R102-Pad2)">
      <node ref="R102" pin="2"/>
      <node ref="SW101" pin="2"/>
    </net>
    <net code="55" name="Net-(D501-Pad1)">
      <node ref="U501" pin="2"/>
      <node ref="L501" pin="2"/>
      <node ref="D501" pin="1"/>
    </net>
    <net code="56" name="MUX_A1">
      <node ref="IC1" pin="43"/>
      <node ref="U311" pin="16"/>
    </net>
    <net code="57" name="MUX_A0">
      <node ref="IC1" pin="44"/>
      <node ref="U311" pin="17"/>
    </net>
    <net code="58" name="SPI_MISO">
      <node ref="IC1" pin="27"/>
    </net>
    <net code="59" name="SPI_CLK">
      <node ref="IC1" pin="21"/>
    </net>
    <net code="60" name="VDD">
      <node ref="IC1" pin="12"/>
      <node ref="C22" pin="1"/>
      <node ref="C21" pin="1"/>
      <node ref="C32" pin="1"/>
      <node ref="IC1" pin="24"/>
      <node ref="IC1" pin="8"/>
      <node ref="C30" pin="1"/>
      <node ref="IC1" pin="64"/>
      <node ref="IC1" pin="54"/>
    </net>
    <net code="61" name="Net-(IC1-Pad55)">
      <node ref="J1" pin="1"/>
      <node ref="IC1" pin="55"/>
    </net>
    <net code="62" name="MUX_A2">
      <node ref="U311" pin="15"/>
      <node ref="IC1" pin="36"/>
    </net>
    <net code="63" name="MUX_A3">
      <node ref="IC1" pin="20"/>
      <node ref="U311" pin="14"/>
    </net>
    <net code="64" name="SPI_CS0">
      <node ref="IC1" pin="28"/>
    </net>
    <net code="65" name="+24V_IN">
      <node ref="P1" pin="1"/>
      <node ref="SW501" pin="2"/>
    </net>
    <net code="66" name="Net-(SW501-Pad3)">
      <node ref="SW501" pin="3"/>
    </net>
    <net code="67" name="Net-(IC1-Pad10)">
      <node ref="IC1" pin="10"/>
    </net>
    <net code="68" name="Net-(IC1-Pad11)">
      <node ref="IC1" pin="11"/>
    </net>
    <net code="69" name="FILTER_MUX_A0">
      <node ref="IC1" pin="15"/>
    </net>
    <net code="70" name="FILTER_MUX_A1">
      <node ref="IC1" pin="16"/>
    </net>
    <net code="71" name="Net-(D21-Pad2)">
      <node ref="R51" pin="1"/>
      <node ref="D21" pin="2"/>
    </net>
    <net code="72" name="Net-(IC1-Pad59)">
      <node ref="IC1" pin="59"/>
    </net>
    <net code="73" name="MUX_EN">
      <node ref="U311" pin="18"/>
      <node ref="IC1" pin="47"/>
    </net>
    <net code="74" name="Net-(IC1-Pad48)">
      <node ref="IC1" pin="48"/>
    </net>
    <net code="75" name="Net-(IC1-Pad49)">
      <node ref="IC1" pin="49"/>
    </net>
    <net code="76" name="Net-(IC1-Pad50)">
      <node ref="IC1" pin="50"/>
    </net>
    <net code="77" name="SWDIO">
      <node ref="IC1" pin="51"/>
      <node ref="J8" pin="2"/>
    </net>
    <net code="78" name="Net-(IC1-Pad52)">
      <node ref="IC1" pin="52"/>
    </net>
    <net code="79" name="SWCLK">
      <node ref="IC1" pin="53"/>
      <node ref="J8" pin="4"/>
    </net>
    <net code="80" name="Net-(IC1-Pad56)">
      <node ref="IC1" pin="56"/>
    </net>
    <net code="81" name="Net-(IC1-Pad6)">
      <node ref="IC1" pin="6"/>
    </net>
    <net code="82" name="Net-(IC1-Pad63)">
      <node ref="IC1" pin="63"/>
    </net>
    <net code="83" name="Net-(IC1-Pad9)">
      <node ref="IC1" pin="9"/>
    </net>
    <net code="84" name="Net-(IC1-Pad3)">
      <node ref="IC1" pin="3"/>
    </net>
    <net code="85" name="FILTER_MUX_A2">
      <node ref="IC1" pin="19"/>
    </net>
    <net code="86" name="Net-(IC1-Pad22)">
      <node ref="IC1" pin="22"/>
    </net>
    <net code="87" name="Net-(IC1-Pad23)">
      <node ref="IC1" pin="23"/>
    </net>
    <net code="88" name="Net-(IC1-Pad25)">
      <node ref="IC1" pin="25"/>
    </net>
    <net code="89" name="Net-(IC1-Pad26)">
      <node ref="IC1" pin="26"/>
    </net>
    <net code="90" name="Net-(IC1-Pad29)">
      <node ref="IC1" pin="29"/>
    </net>
    <net code="91" name="Net-(IC1-Pad31)">
      <node ref="IC1" pin="31"/>
    </net>
    <net code="92" name="Net-(IC1-Pad33)">
      <node ref="IC1" pin="33"/>
    </net>
    <net code="93" name="TXD0">
      <node ref="U317" pin="4"/>
      <node ref="IC1" pin="34"/>
    </net>
    <net code="94" name="RXD0">
      <node ref="U317" pin="1"/>
      <node ref="IC1" pin="35"/>
    </net>
    <net code="95" name="NRESET">
      <node ref="IC1" pin="39"/>
      <node ref="SW101" pin="1"/>
      <node ref="C101" pin="2"/>
    </net>
    <net code="96" name="Net-(IC1-Pad4)">
      <node ref="IC1" pin="4"/>
    </net>
    <net code="97" name="Net-(IC1-Pad41)">
      <node ref="IC1" pin="41"/>
    </net>
    <net code="98" name="Net-(IC1-Pad42)">
      <node ref="IC1" pin="42"/>
    </net>
    <net code="99" name="RS485_A">
      <node ref="P8" pin="1"/>
      <node ref="P6" pin="1"/>
      <node ref="U317" pin="6"/>
      <node ref="P4" pin="1"/>
      <node ref="P2" pin="1"/>
    </net>
    <net code="100" name="RS485_B">
      <node ref="U317" pin="7"/>
      <node ref="P8" pin="2"/>
      <node ref="P2" pin="2"/>
      <node ref="P6" pin="2"/>
      <node ref="P4" pin="2"/>
    </net>
    <net code="101" name="XIN12">
      <node ref="IC1" pin="62"/>
      <node ref="C14" pin="1"/>
      <node ref="Y2" pin="2"/>
    </net>
    <net code="102" name="XOUT12">
      <node ref="C13" pin="1"/>
      <node ref="Y2" pin="1"/>
      <node ref="IC1" pin="61"/>
    </net>
  </nets>
</export>
