<?xml version="1.0" encoding="UTF-8"?>
<export version="D">
  <design>
    <source>E:\Projects\2020_10\KicadPCB_Malta\Driver2_Mosfet\Driver2_Mosfet.sch</source>
    <date>10/29/2020 5:19:35 PM</date>
    <tool>Eeschema (5.1.5)-1</tool>
    <sheet number="1" name="/" tstamps="/">
      <title_block>
        <title>Radio-Controlled PWM</title>
        <company/>
        <rev>1.07b</rev>
        <date>(C) 2020 AFR</date>
        <source>Driver2_Mosfet.sch</source>
        <comment number="1" value=""/>
        <comment number="2" value=""/>
        <comment number="3" value=""/>
        <comment number="4" value=""/>
      </title_block>
    </sheet>
  </design>
  <components>
    <comp ref="L1">
      <value>220uH</value>
      <footprint>Driver2_Mosfet:RLB9012_Radial_Inductor</footprint>
      <datasheet>RLB9012-221KL</datasheet>
      <libsource lib="Device" part="L_Core_Ferrite" description="Inductor with ferrite core"/>
      <sheetpath names="/" tstamps="/"/>
      <tstamp>61928FD4</tstamp>
    </comp>
    <comp ref="Q1">
      <value>DMG4800LSD</value>
      <footprint>Package_SO:SOIC-8_3.9x4.9mm_P1.27mm</footprint>
      <datasheet>https://www.st.com/resource/en/datasheet/CD00001537.pdf</datasheet>
      <libsource lib="Transistor_FET" part="STS2DNE60" description="2A Id, 60V Vds, Dual N-Channel MOSFET, 180mOhm Ron, SO-8"/>
      <sheetpath names="/" tstamps="/"/>
      <tstamp>61928FDB</tstamp>
    </comp>
    <comp ref="D7">
      <value>SS23</value>
      <footprint>Diode_SMD:D_SMB</footprint>
      <datasheet>~</datasheet>
      <libsource lib="Device" part="D_Schottky" description="Schottky diode"/>
      <sheetpath names="/" tstamps="/"/>
      <tstamp>61928FE5</tstamp>
    </comp>
    <comp ref="D6">
      <value>SS23</value>
      <footprint>Diode_SMD:D_SMB</footprint>
      <datasheet>~</datasheet>
      <libsource lib="Device" part="D_Schottky" description="Schottky diode"/>
      <sheetpath names="/" tstamps="/"/>
      <tstamp>61928FF0</tstamp>
    </comp>
    <comp ref="C21">
      <value>2n2/1kV</value>
      <footprint>Capacitor_SMD:C_0805_2012Metric</footprint>
      <datasheet>~</datasheet>
      <libsource lib="Device" part="C" description="Unpolarized capacitor"/>
      <sheetpath names="/" tstamps="/"/>
      <tstamp>6192900C</tstamp>
    </comp>
    <comp ref="L2">
      <value>820uH</value>
      <footprint>Driver2_Mosfet:RLB9012_Radial_Inductor</footprint>
      <datasheet>RLB9012-881KL</datasheet>
      <libsource lib="Device" part="L_Core_Ferrite" description="Inductor with ferrite core"/>
      <sheetpath names="/" tstamps="/"/>
      <tstamp>61929017</tstamp>
    </comp>
    <comp ref="R36">
      <value>1R</value>
      <footprint>Resistor_SMD:R_0603_1608Metric</footprint>
      <datasheet>~</datasheet>
      <libsource lib="Device" part="R" description="Resistor"/>
      <sheetpath names="/" tstamps="/"/>
      <tstamp>61929028</tstamp>
    </comp>
    <comp ref="R33">
      <value>33R</value>
      <footprint>Resistor_SMD:R_0603_1608Metric</footprint>
      <datasheet>~</datasheet>
      <libsource lib="Device" part="R" description="Resistor"/>
      <sheetpath names="/" tstamps="/"/>
      <tstamp>61929039</tstamp>
    </comp>
    <comp ref="R32">
      <value>33R</value>
      <footprint>Resistor_SMD:R_0603_1608Metric</footprint>
      <datasheet>~</datasheet>
      <libsource lib="Device" part="R" description="Resistor"/>
      <sheetpath names="/" tstamps="/"/>
      <tstamp>6192903F</tstamp>
    </comp>
    <comp ref="R19">
      <value>22k</value>
      <footprint>Resistor_SMD:R_0603_1608Metric</footprint>
      <datasheet>~</datasheet>
      <libsource lib="Device" part="R" description="Resistor"/>
      <sheetpath names="/" tstamps="/"/>
      <tstamp>61929045</tstamp>
    </comp>
    <comp ref="FB3">
      <value>BBHV00160808601Y00</value>
      <footprint>Resistor_SMD:R_0603_1608Metric</footprint>
      <datasheet>~</datasheet>
      <libsource lib="Device" part="Ferrite_Bead_Small" description="Ferrite bead, small symbol"/>
      <sheetpath names="/" tstamps="/"/>
      <tstamp>61929058</tstamp>
    </comp>
    <comp ref="C20">
      <value>100nC</value>
      <footprint>Capacitor_SMD:C_0603_1608Metric</footprint>
      <datasheet>~</datasheet>
      <libsource lib="Device" part="C" description="Unpolarized capacitor"/>
      <sheetpath names="/" tstamps="/"/>
      <tstamp>6192905E</tstamp>
    </comp>
    <comp ref="U4">
      <value>74HCT04</value>
      <footprint>Package_SO:SOIC-14_3.9x8.7mm_P1.27mm</footprint>
      <datasheet>https://assets.nexperia.com/documents/data-sheet/74HC_HCT04.pdf</datasheet>
      <libsource lib="74xx" part="74HCT04" description="Hex Inverter"/>
      <sheetpath names="/" tstamps="/"/>
      <tstamp>61929072</tstamp>
    </comp>
    <comp ref="R18">
      <value>0R</value>
      <footprint>Resistor_SMD:R_0603_1608Metric</footprint>
      <datasheet>~</datasheet>
      <libsource lib="Device" part="R" description="Resistor"/>
      <sheetpath names="/" tstamps="/"/>
      <tstamp>61929089</tstamp>
    </comp>
    <comp ref="R22">
      <value>n/a</value>
      <footprint>Resistor_SMD:R_0603_1608Metric</footprint>
      <datasheet>~</datasheet>
      <libsource lib="Device" part="R" description="Resistor"/>
      <sheetpath names="/" tstamps="/"/>
      <tstamp>61929093</tstamp>
    </comp>
    <comp ref="R23">
      <value>n/a</value>
      <footprint>Resistor_SMD:R_0603_1608Metric</footprint>
      <datasheet>~</datasheet>
      <libsource lib="Device" part="R" description="Resistor"/>
      <sheetpath names="/" tstamps="/"/>
      <tstamp>619290A3</tstamp>
    </comp>
    <comp ref="R20">
      <value>0R</value>
      <footprint>Resistor_SMD:R_0603_1608Metric</footprint>
      <datasheet>~</datasheet>
      <libsource lib="Device" part="R" description="Resistor"/>
      <sheetpath names="/" tstamps="/"/>
      <tstamp>619290B0</tstamp>
    </comp>
    <comp ref="C8">
      <value>10u/6.3</value>
      <footprint>Capacitor_SMD:C_0805_2012Metric</footprint>
      <datasheet>~</datasheet>
      <libsource lib="Device" part="CP_Small" description="Polarized capacitor, small symbol"/>
      <sheetpath names="/" tstamps="/"/>
      <tstamp>619290D5</tstamp>
    </comp>
    <comp ref="C9">
      <value>100nC</value>
      <footprint>Capacitor_SMD:C_0603_1608Metric</footprint>
      <datasheet>~</datasheet>
      <libsource lib="Device" part="C" description="Unpolarized capacitor"/>
      <sheetpath names="/" tstamps="/"/>
      <tstamp>619290E3</tstamp>
    </comp>
    <comp ref="C1">
      <value>10u/6.3</value>
      <footprint>Capacitor_SMD:C_0805_2012Metric</footprint>
      <datasheet>~</datasheet>
      <libsource lib="Device" part="CP_Small" description="Polarized capacitor, small symbol"/>
      <sheetpath names="/" tstamps="/"/>
      <tstamp>619290E9</tstamp>
    </comp>
    <comp ref="C5">
      <value>100nC</value>
      <footprint>Capacitor_SMD:C_0603_1608Metric</footprint>
      <datasheet>~</datasheet>
      <libsource lib="Device" part="C" description="Unpolarized capacitor"/>
      <sheetpath names="/" tstamps="/"/>
      <tstamp>619290FD</tstamp>
    </comp>
    <comp ref="C6">
      <value>10u Low-ESR</value>
      <footprint>Capacitor_SMD:C_0805_2012Metric</footprint>
      <datasheet>~</datasheet>
      <libsource lib="Device" part="CP_Small" description="Polarized capacitor, small symbol"/>
      <sheetpath names="/" tstamps="/"/>
      <tstamp>61929111</tstamp>
    </comp>
    <comp ref="C4">
      <value>10u/6.3</value>
      <footprint>Capacitor_SMD:C_0805_2012Metric</footprint>
      <datasheet>~</datasheet>
      <libsource lib="Device" part="CP_Small" description="Polarized capacitor, small symbol"/>
      <sheetpath names="/" tstamps="/"/>
      <tstamp>61929120</tstamp>
    </comp>
    <comp ref="C10">
      <value>100nC</value>
      <footprint>Capacitor_SMD:C_0603_1608Metric</footprint>
      <datasheet>~</datasheet>
      <libsource lib="Device" part="C" description="Unpolarized capacitor"/>
      <sheetpath names="/" tstamps="/"/>
      <tstamp>6192912C</tstamp>
    </comp>
    <comp ref="LED1">
      <value>LED</value>
      <footprint>Diode_SMD:D_0603_1608Metric</footprint>
      <datasheet>~</datasheet>
      <libsource lib="Device" part="LED" description="Light emitting diode"/>
      <sheetpath names="/" tstamps="/"/>
      <tstamp>61929140</tstamp>
    </comp>
    <comp ref="R1">
      <value>470R</value>
      <footprint>Resistor_SMD:R_0603_1608Metric</footprint>
      <datasheet>~</datasheet>
      <libsource lib="Device" part="R" description="Resistor"/>
      <sheetpath names="/" tstamps="/"/>
      <tstamp>61929146</tstamp>
    </comp>
    <comp ref="C15">
      <value>100nC</value>
      <footprint>Capacitor_SMD:C_0603_1608Metric</footprint>
      <datasheet>~</datasheet>
      <libsource lib="Device" part="C" description="Unpolarized capacitor"/>
      <sheetpath names="/" tstamps="/"/>
      <tstamp>61929174</tstamp>
    </comp>
    <comp ref="TR1">
      <value>TransformerUS</value>
      <footprint>Driver2_Mosfet:Transformer</footprint>
      <libsource lib="Driver2_Mosfet-rescue" part="TransformerUS-ARKicadLibrary" description=""/>
      <sheetpath names="/" tstamps="/"/>
      <tstamp>61929180</tstamp>
    </comp>
    <comp ref="CON6">
      <value>Screw_Terminal_01x02</value>
      <footprint>Driver2_Mosfet:OSTTC022162</footprint>
      <datasheet>~</datasheet>
      <libsource lib="Connector" part="Screw_Terminal_01x02" description="Generic screw terminal, single row, 01x02, script generated (kicad-library-utils/schlib/autogen/connector/)"/>
      <sheetpath names="/" tstamps="/"/>
      <tstamp>61929188</tstamp>
    </comp>
    <comp ref="C13">
      <value>100u/6.3</value>
      <footprint>Capacitor_SMD:C_0805_2012Metric</footprint>
      <datasheet>~</datasheet>
      <libsource lib="Device" part="CP_Small" description="Polarized capacitor, small symbol"/>
      <sheetpath names="/" tstamps="/"/>
      <tstamp>61929199</tstamp>
    </comp>
    <comp ref="FB2">
      <value>BBHV00160808601Y00</value>
      <footprint>Resistor_SMD:R_0603_1608Metric</footprint>
      <datasheet>~</datasheet>
      <libsource lib="Device" part="Ferrite_Bead_Small" description="Ferrite bead, small symbol"/>
      <sheetpath names="/" tstamps="/"/>
      <tstamp>6192919F</tstamp>
    </comp>
    <comp ref="FB1">
      <value>BBHV00160808601Y00</value>
      <footprint>Resistor_SMD:R_0603_1608Metric</footprint>
      <datasheet>~</datasheet>
      <libsource lib="Device" part="Ferrite_Bead_Small" description="Ferrite bead, small symbol"/>
      <sheetpath names="/" tstamps="/"/>
      <tstamp>619291AD</tstamp>
    </comp>
    <comp ref="U2">
      <value>BA33</value>
      <footprint>Package_TO_SOT_SMD:TO-252-2</footprint>
      <libsource lib="Regulator_Linear" part="L7805" description="Positive 1.5A 35V Linear Regulator, Fixed Output 5V, TO-220/TO-263/TO-252"/>
      <sheetpath names="/" tstamps="/"/>
      <tstamp>619291B3</tstamp>
    </comp>
    <comp ref="C12">
      <value>100nC</value>
      <footprint>Capacitor_SMD:C_0603_1608Metric</footprint>
      <datasheet>~</datasheet>
      <libsource lib="Device" part="C" description="Unpolarized capacitor"/>
      <sheetpath names="/" tstamps="/"/>
      <tstamp>619291B9</tstamp>
    </comp>
    <comp ref="C11">
      <value>100nC</value>
      <footprint>Capacitor_SMD:C_0603_1608Metric</footprint>
      <datasheet>~</datasheet>
      <libsource lib="Device" part="C" description="Unpolarized capacitor"/>
      <sheetpath names="/" tstamps="/"/>
      <tstamp>619291BF</tstamp>
    </comp>
    <comp ref="D5">
      <value>1N5819HW-7-F</value>
      <footprint>Diode_SMD:D_SOD-123</footprint>
      <datasheet>1N5819HW-7-F</datasheet>
      <libsource lib="Device" part="D" description="Diode"/>
      <sheetpath names="/" tstamps="/"/>
      <tstamp>619291CA</tstamp>
    </comp>
    <comp ref="C7">
      <value>100u/6.3</value>
      <footprint>Capacitor_SMD:C_0805_2012Metric</footprint>
      <datasheet>~</datasheet>
      <libsource lib="Device" part="CP_Small" description="Polarized capacitor, small symbol"/>
      <sheetpath names="/" tstamps="/"/>
      <tstamp>619291D6</tstamp>
    </comp>
    <comp ref="R21">
      <value>22k</value>
      <footprint>Resistor_SMD:R_0603_1608Metric</footprint>
      <datasheet>~</datasheet>
      <libsource lib="Device" part="R" description="Resistor"/>
      <sheetpath names="/" tstamps="/"/>
      <tstamp>619291FB</tstamp>
    </comp>
    <comp ref="U3">
      <value>dsPIC33EP32MC202</value>
      <footprint>Package_SO:SOIC-28W_7.5x17.9mm_P1.27mm</footprint>
      <libsource lib="Driver2_Mosfet-rescue" part="dsPIC33EP32MC202-ARKicadLibrary" description=""/>
      <sheetpath names="/" tstamps="/"/>
      <tstamp>61929219</tstamp>
    </comp>
    <comp ref="R31">
      <value>10k</value>
      <footprint>Resistor_SMD:R_0603_1608Metric</footprint>
      <datasheet>~</datasheet>
      <libsource lib="Device" part="R" description="Resistor"/>
      <sheetpath names="/" tstamps="/"/>
      <tstamp>61929259</tstamp>
    </comp>
    <comp ref="R29">
      <value>10k</value>
      <footprint>Resistor_SMD:R_0603_1608Metric</footprint>
      <datasheet>~</datasheet>
      <libsource lib="Device" part="R" description="Resistor"/>
      <sheetpath names="/" tstamps="/"/>
      <tstamp>6192925F</tstamp>
    </comp>
    <comp ref="C18">
      <value>100nC</value>
      <footprint>Capacitor_SMD:C_0603_1608Metric</footprint>
      <datasheet>~</datasheet>
      <libsource lib="Device" part="C" description="Unpolarized capacitor"/>
      <sheetpath names="/" tstamps="/"/>
      <tstamp>6192926D</tstamp>
    </comp>
    <comp ref="R24">
      <value>100R</value>
      <footprint>Resistor_SMD:R_0603_1608Metric</footprint>
      <datasheet>~</datasheet>
      <libsource lib="Device" part="R" description="Resistor"/>
      <sheetpath names="/" tstamps="/"/>
      <tstamp>61929275</tstamp>
    </comp>
    <comp ref="R27">
      <value>10k</value>
      <footprint>Resistor_SMD:R_0603_1608Metric</footprint>
      <datasheet>~</datasheet>
      <libsource lib="Device" part="R" description="Resistor"/>
      <sheetpath names="/" tstamps="/"/>
      <tstamp>6192927B</tstamp>
    </comp>
    <comp ref="R28">
      <value>10k</value>
      <footprint>Resistor_SMD:R_0603_1608Metric</footprint>
      <datasheet>~</datasheet>
      <libsource lib="Device" part="R" description="Resistor"/>
      <sheetpath names="/" tstamps="/"/>
      <tstamp>61929281</tstamp>
    </comp>
    <comp ref="R34">
      <value>10k</value>
      <footprint>Resistor_SMD:R_0603_1608Metric</footprint>
      <datasheet>~</datasheet>
      <libsource lib="Device" part="R" description="Resistor"/>
      <sheetpath names="/" tstamps="/"/>
      <tstamp>61929295</tstamp>
    </comp>
    <comp ref="BZ1">
      <value>PS1720P02</value>
      <footprint>Driver2_Mosfet:Buzzer_PS1240P02BT</footprint>
      <datasheet>PS1240P02BT</datasheet>
      <libsource lib="Device" part="Buzzer" description="Buzzer, polarized"/>
      <sheetpath names="/" tstamps="/"/>
      <tstamp>619292A4</tstamp>
    </comp>
    <comp ref="R35">
      <value>100R</value>
      <footprint>Resistor_SMD:R_0603_1608Metric</footprint>
      <datasheet>~</datasheet>
      <libsource lib="Device" part="R" description="Resistor"/>
      <sheetpath names="/" tstamps="/"/>
      <tstamp>619292AA</tstamp>
    </comp>
    <comp ref="U1">
      <value>MCP604</value>
      <footprint>Package_SO:SOIC-14_3.9x8.7mm_P1.27mm</footprint>
      <datasheet>http://ww1.microchip.com/downloads/en/DeviceDoc/21314g.pdf</datasheet>
      <libsource lib="Amplifier_Operational" part="MCP604" description="Quad 2.7V to 6.0V Single Supply CMOS Op Amps, DIP-14/SOIC-14/TSSOP-14"/>
      <sheetpath names="/" tstamps="/"/>
      <tstamp>619292BC</tstamp>
    </comp>
    <comp ref="C16">
      <value>10u/6.3</value>
      <footprint>Capacitor_SMD:C_0805_2012Metric</footprint>
      <datasheet>~</datasheet>
      <libsource lib="Device" part="CP_Small" description="Polarized capacitor, small symbol"/>
      <sheetpath names="/" tstamps="/"/>
      <tstamp>619292C9</tstamp>
    </comp>
    <comp ref="CON1">
      <value>Screw_Terminal_01x04</value>
      <footprint>Driver2_Mosfet:OSTTC042162</footprint>
      <datasheet>~</datasheet>
      <libsource lib="Connector" part="Screw_Terminal_01x04" description="Generic screw terminal, single row, 01x04, script generated (kicad-library-utils/schlib/autogen/connector/)"/>
      <sheetpath names="/" tstamps="/"/>
      <tstamp>619292D7</tstamp>
    </comp>
    <comp ref="R25">
      <value>3k3</value>
      <footprint>Resistor_SMD:R_0603_1608Metric</footprint>
      <datasheet>~</datasheet>
      <libsource lib="Device" part="R" description="Resistor"/>
      <sheetpath names="/" tstamps="/"/>
      <tstamp>619292EA</tstamp>
    </comp>
    <comp ref="R26">
      <value>3k3</value>
      <footprint>Resistor_SMD:R_0603_1608Metric</footprint>
      <datasheet>~</datasheet>
      <libsource lib="Device" part="R" description="Resistor"/>
      <sheetpath names="/" tstamps="/"/>
      <tstamp>619292F0</tstamp>
    </comp>
    <comp ref="C17">
      <value>100nC</value>
      <footprint>Capacitor_SMD:C_0603_1608Metric</footprint>
      <datasheet>~</datasheet>
      <libsource lib="Device" part="C" description="Unpolarized capacitor"/>
      <sheetpath names="/" tstamps="/"/>
      <tstamp>61929306</tstamp>
    </comp>
    <comp ref="R3">
      <value>100k</value>
      <footprint>Resistor_SMD:R_0603_1608Metric</footprint>
      <datasheet>~</datasheet>
      <libsource lib="Device" part="R" description="Resistor"/>
      <sheetpath names="/" tstamps="/"/>
      <tstamp>61929331</tstamp>
    </comp>
    <comp ref="D3">
      <value>1N4148</value>
      <footprint>Diode_SMD:D_SOD-123</footprint>
      <datasheet>https://assets.nexperia.com/documents/data-sheet/1N4148_1N4448.pdf</datasheet>
      <libsource lib="Diode" part="1N4148" description="100V 0.15A standard switching diode, DO-35"/>
      <sheetpath names="/" tstamps="/"/>
      <tstamp>61929344</tstamp>
    </comp>
    <comp ref="R2">
      <value>1k</value>
      <footprint>Resistor_SMD:R_0603_1608Metric</footprint>
      <datasheet>~</datasheet>
      <libsource lib="Device" part="R" description="Resistor"/>
      <sheetpath names="/" tstamps="/"/>
      <tstamp>6192935C</tstamp>
    </comp>
    <comp ref="R10">
      <value>1k</value>
      <footprint>Resistor_SMD:R_0603_1608Metric</footprint>
      <datasheet>~</datasheet>
      <libsource lib="Device" part="R" description="Resistor"/>
      <sheetpath names="/" tstamps="/"/>
      <tstamp>61929362</tstamp>
    </comp>
    <comp ref="D4">
      <value>1N4148</value>
      <footprint>Diode_SMD:D_SOD-123</footprint>
      <datasheet>https://assets.nexperia.com/documents/data-sheet/1N4148_1N4448.pdf</datasheet>
      <libsource lib="Diode" part="1N4148" description="100V 0.15A standard switching diode, DO-35"/>
      <sheetpath names="/" tstamps="/"/>
      <tstamp>61929375</tstamp>
    </comp>
    <comp ref="D2">
      <value>1N4148</value>
      <footprint>Diode_SMD:D_SOD-123</footprint>
      <datasheet>https://assets.nexperia.com/documents/data-sheet/1N4148_1N4448.pdf</datasheet>
      <libsource lib="Diode" part="1N4148" description="100V 0.15A standard switching diode, DO-35"/>
      <sheetpath names="/" tstamps="/"/>
      <tstamp>61929380</tstamp>
    </comp>
    <comp ref="R11">
      <value>100k</value>
      <footprint>Resistor_SMD:R_0603_1608Metric</footprint>
      <datasheet>~</datasheet>
      <libsource lib="Device" part="R" description="Resistor"/>
      <sheetpath names="/" tstamps="/"/>
      <tstamp>6192938A</tstamp>
    </comp>
    <comp ref="R8">
      <value>1k</value>
      <footprint>Resistor_SMD:R_0603_1608Metric</footprint>
      <datasheet>~</datasheet>
      <libsource lib="Device" part="R" description="Resistor"/>
      <sheetpath names="/" tstamps="/"/>
      <tstamp>619293C1</tstamp>
    </comp>
    <comp ref="R12">
      <value>0R47/0.5W</value>
      <footprint>Resistor_SMD:R_0805_2012Metric</footprint>
      <datasheet>~</datasheet>
      <libsource lib="pspice" part="R" description="Resistor symbol for simulation only"/>
      <sheetpath names="/" tstamps="/"/>
      <tstamp>619293D8</tstamp>
    </comp>
    <comp ref="R13">
      <value>0R47/0.5W</value>
      <footprint>Resistor_SMD:R_0805_2012Metric</footprint>
      <datasheet>~</datasheet>
      <libsource lib="pspice" part="R" description="Resistor symbol for simulation only"/>
      <sheetpath names="/" tstamps="/"/>
      <tstamp>619293E0</tstamp>
    </comp>
    <comp ref="C2">
      <value>5n6</value>
      <footprint>Capacitor_SMD:C_0603_1608Metric</footprint>
      <datasheet>~</datasheet>
      <libsource lib="Device" part="C" description="Unpolarized capacitor"/>
      <sheetpath names="/" tstamps="/"/>
      <tstamp>619293F5</tstamp>
    </comp>
    <comp ref="R9">
      <value>10k</value>
      <footprint>Resistor_SMD:R_0603_1608Metric</footprint>
      <datasheet>~</datasheet>
      <libsource lib="Device" part="R" description="Resistor"/>
      <sheetpath names="/" tstamps="/"/>
      <tstamp>619293FF</tstamp>
    </comp>
    <comp ref="R6">
      <value>10k</value>
      <footprint>Resistor_SMD:R_0603_1608Metric</footprint>
      <datasheet>~</datasheet>
      <libsource lib="Device" part="R" description="Resistor"/>
      <sheetpath names="/" tstamps="/"/>
      <tstamp>61929405</tstamp>
    </comp>
    <comp ref="R7">
      <value>1k</value>
      <footprint>Resistor_SMD:R_0603_1608Metric</footprint>
      <datasheet>~</datasheet>
      <libsource lib="Device" part="R" description="Resistor"/>
      <sheetpath names="/" tstamps="/"/>
      <tstamp>6192940B</tstamp>
    </comp>
    <comp ref="C3">
      <value>5n6</value>
      <footprint>Capacitor_SMD:C_0603_1608Metric</footprint>
      <datasheet>~</datasheet>
      <libsource lib="Device" part="C" description="Unpolarized capacitor"/>
      <sheetpath names="/" tstamps="/"/>
      <tstamp>61929416</tstamp>
    </comp>
    <comp ref="R5">
      <value>82k</value>
      <footprint>Resistor_SMD:R_0603_1608Metric</footprint>
      <datasheet>~</datasheet>
      <libsource lib="Device" part="R" description="Resistor"/>
      <sheetpath names="/" tstamps="/"/>
      <tstamp>6192941C</tstamp>
    </comp>
    <comp ref="R4">
      <value>82k</value>
      <footprint>Resistor_SMD:R_0603_1608Metric</footprint>
      <datasheet>~</datasheet>
      <libsource lib="Device" part="R" description="Resistor"/>
      <sheetpath names="/" tstamps="/"/>
      <tstamp>61929422</tstamp>
    </comp>
    <comp ref="U5">
      <value>MCP602</value>
      <footprint>Package_SO:SOIC-8_3.9x4.9mm_P1.27mm</footprint>
      <datasheet>http://www.ti.com/lit/ds/symlink/lm2904-n.pdf</datasheet>
      <libsource lib="Amplifier_Operational" part="LM358" description="Low-Power, Dual Operational Amplifiers, DIP-8/SOIC-8/TO-99-8"/>
      <sheetpath names="/" tstamps="/"/>
      <tstamp>61929448</tstamp>
    </comp>
    <comp ref="R15">
      <value>tbd</value>
      <footprint>Resistor_SMD:R_0603_1608Metric</footprint>
      <datasheet>~</datasheet>
      <libsource lib="Device" part="R" description="Resistor"/>
      <sheetpath names="/" tstamps="/"/>
      <tstamp>6192945A</tstamp>
    </comp>
    <comp ref="R14">
      <value>tbd</value>
      <footprint>Resistor_SMD:R_0603_1608Metric</footprint>
      <datasheet>~</datasheet>
      <libsource lib="Device" part="R" description="Resistor"/>
      <sheetpath names="/" tstamps="/"/>
      <tstamp>61929460</tstamp>
    </comp>
    <comp ref="R16">
      <value>tbd</value>
      <footprint>Resistor_SMD:R_0603_1608Metric</footprint>
      <datasheet>~</datasheet>
      <libsource lib="Device" part="R" description="Resistor"/>
      <sheetpath names="/" tstamps="/"/>
      <tstamp>61929466</tstamp>
    </comp>
    <comp ref="C14">
      <value>100nC</value>
      <footprint>Capacitor_SMD:C_0603_1608Metric</footprint>
      <datasheet>~</datasheet>
      <libsource lib="Device" part="C" description="Unpolarized capacitor"/>
      <sheetpath names="/" tstamps="/"/>
      <tstamp>6192946C</tstamp>
    </comp>
    <comp ref="CON2">
      <value>Screw_Terminal_01x02</value>
      <footprint>Driver2_Mosfet:OSTTC022162</footprint>
      <datasheet>~</datasheet>
      <libsource lib="Connector" part="Screw_Terminal_01x02" description="Generic screw terminal, single row, 01x02, script generated (kicad-library-utils/schlib/autogen/connector/)"/>
      <sheetpath names="/" tstamps="/"/>
      <tstamp>61929472</tstamp>
    </comp>
    <comp ref="R17">
      <value>tbd</value>
      <footprint>Resistor_SMD:R_0603_1608Metric</footprint>
      <datasheet>~</datasheet>
      <libsource lib="Device" part="R" description="Resistor"/>
      <sheetpath names="/" tstamps="/"/>
      <tstamp>61929484</tstamp>
    </comp>
    <comp ref="CON3">
      <value>6P6C</value>
      <footprint>Connector_RJ:RJ12_Amphenol_54601</footprint>
      <datasheet>~</datasheet>
      <libsource lib="Connector" part="6P6C" description="RJ connector, 6P6C (6 positions 6 connected), RJ12/RJ18/RJ25"/>
      <sheetpath names="/" tstamps="/"/>
      <tstamp>619294C4</tstamp>
    </comp>
    <comp ref="C19">
      <value>10u/6.3</value>
      <footprint>Capacitor_SMD:C_0805_2012Metric</footprint>
      <datasheet>~</datasheet>
      <libsource lib="Device" part="CP_Small" description="Polarized capacitor, small symbol"/>
      <sheetpath names="/" tstamps="/"/>
      <tstamp>619294D3</tstamp>
    </comp>
    <comp ref="R30">
      <value>470R</value>
      <footprint>Resistor_SMD:R_0603_1608Metric</footprint>
      <datasheet>~</datasheet>
      <libsource lib="Device" part="R" description="Resistor"/>
      <sheetpath names="/" tstamps="/"/>
      <tstamp>6192951A</tstamp>
    </comp>
    <comp ref="LED2">
      <value>LED</value>
      <footprint>Diode_SMD:D_0603_1608Metric</footprint>
      <datasheet>~</datasheet>
      <libsource lib="Device" part="LED" description="Light emitting diode"/>
      <sheetpath names="/" tstamps="/"/>
      <tstamp>6192952A</tstamp>
    </comp>
    <comp ref="D1">
      <value>1N4148</value>
      <footprint>Diode_SMD:D_SOD-123</footprint>
      <datasheet>1N4148W-7-F</datasheet>
      <libsource lib="Diode" part="1N4148" description="100V 0.15A standard switching diode, DO-35"/>
      <sheetpath names="/" tstamps="/"/>
      <tstamp>6192934F</tstamp>
    </comp>
    <comp ref="CON4">
      <value>Conn_02x05_Row_Letter_Last</value>
      <footprint>Connector_PinHeader_2.54mm:PinHeader_2x05_P2.54mm_Vertical</footprint>
      <datasheet>~</datasheet>
      <libsource lib="Driver2_mosfet" part="Conn_02x05_Counter_Clockwise" description="Generic connector, double row, 02x05, counter clockwise pin numbering scheme (similar to DIP packge numbering), script generated (kicad-library-utils/schlib/autogen/connector/)"/>
      <sheetpath names="/" tstamps="/"/>
      <tstamp>6192931D</tstamp>
    </comp>
    <comp ref="CON5">
      <value>Conn_02x05_Row_Letter_Last</value>
      <footprint>Connector_PinHeader_2.54mm:PinHeader_2x05_P2.54mm_Vertical</footprint>
      <datasheet>~</datasheet>
      <libsource lib="Driver2_mosfet" part="Conn_02x05_Counter_Clockwise" description="Generic connector, double row, 02x05, counter clockwise pin numbering scheme (similar to DIP packge numbering), script generated (kicad-library-utils/schlib/autogen/connector/)"/>
      <sheetpath names="/" tstamps="/"/>
      <tstamp>6192923D</tstamp>
    </comp>
  </components>
  <libparts>
    <libpart lib="74xx" part="74LS04">
      <aliases>
        <alias>74HC04</alias>
        <alias>74HCT04</alias>
        <alias>74AHC04</alias>
        <alias>74AHCT04</alias>
      </aliases>
      <description>Hex Inverter</description>
      <docs>http://www.ti.com/lit/gpn/sn74LS04</docs>
      <footprints>
        <fp>DIP*W7.62mm*</fp>
        <fp>SSOP?14*</fp>
        <fp>TSSOP?14*</fp>
      </footprints>
      <fields>
        <field name="Reference">U</field>
        <field name="Value">74LS04</field>
      </fields>
      <pins>
        <pin num="1" name="~" type="input"/>
        <pin num="2" name="~" type="output"/>
        <pin num="3" name="~" type="input"/>
        <pin num="4" name="~" type="output"/>
        <pin num="5" name="~" type="input"/>
        <pin num="6" name="~" type="output"/>
        <pin num="7" name="GND" type="power_in"/>
        <pin num="8" name="~" type="output"/>
        <pin num="9" name="~" type="input"/>
        <pin num="10" name="~" type="output"/>
        <pin num="11" name="~" type="input"/>
        <pin num="12" name="~" type="output"/>
        <pin num="13" name="~" type="input"/>
        <pin num="14" name="VCC" type="power_in"/>
      </pins>
    </libpart>
    <libpart lib="Amplifier_Operational" part="LM2902">
      <aliases>
        <alias>LM324</alias>
        <alias>TLC274</alias>
        <alias>TLC279</alias>
        <alias>TL074</alias>
        <alias>LM324A</alias>
        <alias>MCP6004</alias>
        <alias>TL084</alias>
        <alias>TL064</alias>
        <alias>LMV324</alias>
        <alias>LMC6484</alias>
        <alias>MCP604</alias>
        <alias>MC33079</alias>
        <alias>MC33174</alias>
        <alias>MC33179</alias>
        <alias>OPA1604</alias>
        <alias>OPA1679</alias>
        <alias>OPA4134</alias>
        <alias>OPA4340UA</alias>
        <alias>OPA4376</alias>
        <alias>MCP6L94</alias>
        <alias>TSV914</alias>
        <alias>ADA4807-4</alias>
        <alias>TSV994</alias>
      </aliases>
      <description>Low-Power, Quad-Operational Amplifiers, DIP-14/SOIC-14/SSOP-14</description>
      <docs>http://www.ti.com/lit/ds/symlink/lm2902-n.pdf</docs>
      <footprints>
        <fp>SOIC*3.9x8.7mm*P1.27mm*</fp>
        <fp>DIP*W7.62mm*</fp>
        <fp>TSSOP*4.4x5mm*P0.65mm*</fp>
        <fp>SSOP*5.3x6.2mm*P0.65mm*</fp>
        <fp>MSOP*3x3mm*P0.5mm*</fp>
      </footprints>
      <fields>
        <field name="Reference">U</field>
        <field name="Value">LM2902</field>
      </fields>
      <pins>
        <pin num="1" name="~" type="output"/>
        <pin num="2" name="-" type="input"/>
        <pin num="3" name="+" type="input"/>
        <pin num="4" name="V+" type="power_in"/>
        <pin num="5" name="+" type="input"/>
        <pin num="6" name="-" type="input"/>
        <pin num="7" name="~" type="output"/>
        <pin num="8" name="~" type="output"/>
        <pin num="9" name="-" type="input"/>
        <pin num="10" name="+" type="input"/>
        <pin num="11" name="V-" type="power_in"/>
        <pin num="12" name="+" type="input"/>
        <pin num="13" name="-" type="input"/>
        <pin num="14" name="~" type="output"/>
      </pins>
    </libpart>
    <libpart lib="Amplifier_Operational" part="LM2904">
      <aliases>
        <alias>LM358</alias>
        <alias>AD8620</alias>
        <alias>LMC6062</alias>
        <alias>LMC6082</alias>
        <alias>TL062</alias>
        <alias>TL072</alias>
        <alias>TL082</alias>
        <alias>NE5532</alias>
        <alias>SA5532</alias>
        <alias>RC4558</alias>
        <alias>RC4560</alias>
        <alias>RC4580</alias>
        <alias>LMV358</alias>
        <alias>TS912</alias>
        <alias>TSV912IDT</alias>
        <alias>TSV912IST</alias>
        <alias>TLC272</alias>
        <alias>TLC277</alias>
        <alias>MCP602</alias>
        <alias>OPA1678</alias>
        <alias>OPA2134</alias>
        <alias>OPA2340</alias>
        <alias>OPA2376xxD</alias>
        <alias>OPA2376xxDGK</alias>
        <alias>MC33078</alias>
        <alias>MC33178</alias>
        <alias>LM4562</alias>
        <alias>OP249</alias>
        <alias>OP275</alias>
        <alias>ADA4075-2</alias>
        <alias>MCP6002-xP</alias>
        <alias>MCP6002-xSN</alias>
        <alias>MCP6002-xMS</alias>
        <alias>LM7332</alias>
        <alias>OPA2333xxD</alias>
        <alias>OPA2333xxDGK</alias>
        <alias>LMC6482</alias>
        <alias>LT1492</alias>
        <alias>LTC6081xMS8</alias>
        <alias>LM6172</alias>
        <alias>MCP6L92</alias>
        <alias>NJM2043</alias>
        <alias>NJM2114</alias>
        <alias>NJM4556A</alias>
        <alias>NJM4558</alias>
        <alias>NJM4559</alias>
        <alias>NJM4560</alias>
        <alias>NJM4580</alias>
        <alias>NJM5532</alias>
        <alias>ADA4807-2ARM</alias>
        <alias>OPA2691</alias>
        <alias>LT6234</alias>
        <alias>OPA2356xxD</alias>
        <alias>OPA2356xxDGK</alias>
        <alias>OPA1612AxD</alias>
        <alias>MC33172</alias>
        <alias>OPA1602</alias>
        <alias>TLV2372</alias>
        <alias>LT6237</alias>
        <alias>OPA2277</alias>
      </aliases>
      <description>Dual Operational Amplifiers, DIP-8/SOIC-8/TSSOP-8/VSSOP-8</description>
      <docs>http://www.ti.com/lit/ds/symlink/lm358.pdf</docs>
      <footprints>
        <fp>SOIC*3.9x4.9mm*P1.27mm*</fp>
        <fp>DIP*W7.62mm*</fp>
        <fp>TO*99*</fp>
        <fp>OnSemi*Micro8*</fp>
        <fp>TSSOP*3x3mm*P0.65mm*</fp>
        <fp>TSSOP*4.4x3mm*P0.65mm*</fp>
        <fp>MSOP*3x3mm*P0.65mm*</fp>
        <fp>SSOP*3.9x4.9mm*P0.635mm*</fp>
        <fp>LFCSP*2x2mm*P0.5mm*</fp>
        <fp>*SIP*</fp>
        <fp>SOIC*5.3x6.2mm*P1.27mm*</fp>
      </footprints>
      <fields>
        <field name="Reference">U</field>
        <field name="Value">LM2904</field>
      </fields>
      <pins>
        <pin num="1" name="~" type="output"/>
        <pin num="2" name="-" type="input"/>
        <pin num="3" name="+" type="input"/>
        <pin num="4" name="V-" type="power_in"/>
        <pin num="5" name="+" type="input"/>
        <pin num="6" name="-" type="input"/>
        <pin num="7" name="~" type="output"/>
        <pin num="8" name="V+" type="power_in"/>
      </pins>
    </libpart>
    <libpart lib="Connector" part="6P6C">
      <aliases>
        <alias>RJ12</alias>
        <alias>RJ18</alias>
        <alias>RJ25</alias>
      </aliases>
      <description>RJ connector, 6P6C (6 positions 6 connected), RJ12/RJ18/RJ25</description>
      <docs>~</docs>
      <footprints>
        <fp>6P6C*</fp>
        <fp>RJ12*</fp>
        <fp>RJ18*</fp>
        <fp>RJ25*</fp>
      </footprints>
      <fields>
        <field name="Reference">J</field>
        <field name="Value">6P6C</field>
      </fields>
      <pins>
        <pin num="1" name="~" type="passive"/>
        <pin num="2" name="~" type="passive"/>
        <pin num="3" name="~" type="passive"/>
        <pin num="4" name="~" type="passive"/>
        <pin num="5" name="~" type="passive"/>
        <pin num="6" name="~" type="passive"/>
      </pins>
    </libpart>
    <libpart lib="Connector" part="Screw_Terminal_01x02">
      <description>Generic screw terminal, single row, 01x02, script generated (kicad-library-utils/schlib/autogen/connector/)</description>
      <docs>~</docs>
      <footprints>
        <fp>TerminalBlock*:*</fp>
      </footprints>
      <fields>
        <field name="Reference">J</field>
        <field name="Value">Screw_Terminal_01x02</field>
      </fields>
      <pins>
        <pin num="1" name="Pin_1" type="passive"/>
        <pin num="2" name="Pin_2" type="passive"/>
      </pins>
    </libpart>
    <libpart lib="Connector" part="Screw_Terminal_01x04">
      <description>Generic screw terminal, single row, 01x04, script generated (kicad-library-utils/schlib/autogen/connector/)</description>
      <docs>~</docs>
      <footprints>
        <fp>TerminalBlock*:*</fp>
      </footprints>
      <fields>
        <field name="Reference">J</field>
        <field name="Value">Screw_Terminal_01x04</field>
      </fields>
      <pins>
        <pin num="1" name="Pin_1" type="passive"/>
        <pin num="2" name="Pin_2" type="passive"/>
        <pin num="3" name="Pin_3" type="passive"/>
        <pin num="4" name="Pin_4" type="passive"/>
      </pins>
    </libpart>
    <libpart lib="Device" part="Buzzer">
      <description>Buzzer, polarized</description>
      <docs>~</docs>
      <footprints>
        <fp>*Buzzer*</fp>
      </footprints>
      <fields>
        <field name="Reference">BZ</field>
        <field name="Value">Buzzer</field>
      </fields>
      <pins>
        <pin num="1" name="-" type="passive"/>
        <pin num="2" name="+" type="passive"/>
      </pins>
    </libpart>
    <libpart lib="Device" part="C">
      <description>Unpolarized capacitor</description>
      <docs>~</docs>
      <footprints>
        <fp>C_*</fp>
      </footprints>
      <fields>
        <field name="Reference">C</field>
        <field name="Value">C</field>
      </fields>
      <pins>
        <pin num="1" name="~" type="passive"/>
        <pin num="2" name="~" type="passive"/>
      </pins>
    </libpart>
    <libpart lib="Device" part="CP_Small">
      <description>Polarized capacitor, small symbol</description>
      <docs>~</docs>
      <footprints>
        <fp>CP_*</fp>
      </footprints>
      <fields>
        <field name="Reference">C</field>
        <field name="Value">CP_Small</field>
      </fields>
      <pins>
        <pin num="1" name="~" type="passive"/>
        <pin num="2" name="~" type="passive"/>
      </pins>
    </libpart>
    <libpart lib="Device" part="D">
      <description>Diode</description>
      <docs>~</docs>
      <footprints>
        <fp>TO-???*</fp>
        <fp>*_Diode_*</fp>
        <fp>*SingleDiode*</fp>
        <fp>D_*</fp>
      </footprints>
      <fields>
        <field name="Reference">D</field>
        <field name="Value">D</field>
      </fields>
      <pins>
        <pin num="1" name="K" type="passive"/>
        <pin num="2" name="A" type="passive"/>
      </pins>
    </libpart>
    <libpart lib="Device" part="D_Schottky">
      <description>Schottky diode</description>
      <docs>~</docs>
      <footprints>
        <fp>TO-???*</fp>
        <fp>*_Diode_*</fp>
        <fp>*SingleDiode*</fp>
        <fp>D_*</fp>
      </footprints>
      <fields>
        <field name="Reference">D</field>
        <field name="Value">D_Schottky</field>
      </fields>
      <pins>
        <pin num="1" name="K" type="passive"/>
        <pin num="2" name="A" type="passive"/>
      </pins>
    </libpart>
    <libpart lib="Device" part="Ferrite_Bead_Small">
      <description>Ferrite bead, small symbol</description>
      <docs>~</docs>
      <footprints>
        <fp>Inductor_*</fp>
        <fp>L_*</fp>
        <fp>*Ferrite*</fp>
      </footprints>
      <fields>
        <field name="Reference">FB</field>
        <field name="Value">Ferrite_Bead_Small</field>
      </fields>
      <pins>
        <pin num="1" name="~" type="passive"/>
        <pin num="2" name="~" type="passive"/>
      </pins>
    </libpart>
    <libpart lib="Device" part="LED">
      <description>Light emitting diode</description>
      <docs>~</docs>
      <footprints>
        <fp>LED*</fp>
        <fp>LED_SMD:*</fp>
        <fp>LED_THT:*</fp>
      </footprints>
      <fields>
        <field name="Reference">D</field>
        <field name="Value">LED</field>
      </fields>
      <pins>
        <pin num="1" name="K" type="passive"/>
        <pin num="2" name="A" type="passive"/>
      </pins>
    </libpart>
    <libpart lib="Device" part="L_Core_Ferrite">
      <description>Inductor with ferrite core</description>
      <docs>~</docs>
      <footprints>
        <fp>Choke_*</fp>
        <fp>*Coil*</fp>
        <fp>Inductor_*</fp>
        <fp>L_*</fp>
      </footprints>
      <fields>
        <field name="Reference">L</field>
        <field name="Value">L_Core_Ferrite</field>
      </fields>
      <pins>
        <pin num="1" name="1" type="passive"/>
        <pin num="2" name="2" type="passive"/>
      </pins>
    </libpart>
    <libpart lib="Device" part="R">
      <description>Resistor</description>
      <docs>~</docs>
      <footprints>
        <fp>R_*</fp>
      </footprints>
      <fields>
        <field name="Reference">R</field>
        <field name="Value">R</field>
      </fields>
      <pins>
        <pin num="1" name="~" type="passive"/>
        <pin num="2" name="~" type="passive"/>
      </pins>
    </libpart>
    <libpart lib="Diode" part="1N4148">
      <aliases>
        <alias>1N4448</alias>
        <alias>1N4149</alias>
        <alias>1N4151</alias>
        <alias>1N914</alias>
        <alias>BA243</alias>
        <alias>BA244</alias>
        <alias>BA282</alias>
        <alias>BA283</alias>
        <alias>BAV17</alias>
        <alias>BAV18</alias>
        <alias>BAV19</alias>
        <alias>BAV20</alias>
        <alias>BAV21</alias>
        <alias>BAW75</alias>
        <alias>BAW76</alias>
        <alias>BAY93</alias>
      </aliases>
      <description>100V 0.15A standard switching diode, DO-35</description>
      <docs>https://assets.nexperia.com/documents/data-sheet/1N4148_1N4448.pdf</docs>
      <footprints>
        <fp>D*DO?35*</fp>
      </footprints>
      <fields>
        <field name="Reference">D</field>
        <field name="Value">1N4148</field>
        <field name="Footprint">Diode_THT:D_DO-35_SOD27_P7.62mm_Horizontal</field>
      </fields>
      <pins>
        <pin num="1" name="K" type="passive"/>
        <pin num="2" name="A" type="passive"/>
      </pins>
    </libpart>
    <libpart lib="Driver2_Mosfet-rescue" part="TransformerUS-ARKicadLibrary">
      <fields>
        <field name="Reference">TR</field>
        <field name="Value">TransformerUS-ARKicadLibrary</field>
      </fields>
      <pins>
        <pin num="2" name="~" type="passive"/>
        <pin num="4" name="~" type="passive"/>
        <pin num="6" name="~" type="passive"/>
        <pin num="7" name="~" type="passive"/>
        <pin num="9" name="~" type="passive"/>
        <pin num="10" name="~" type="passive"/>
      </pins>
    </libpart>
    <libpart lib="Driver2_Mosfet-rescue" part="dsPIC33EP32MC202-ARKicadLibrary">
      <fields>
        <field name="Reference">U</field>
        <field name="Value">dsPIC33EP32MC202-ARKicadLibrary</field>
        <field name="Footprint">Package_SO:SSOP-28_5.3x10.2mm_P0.65mm</field>
      </fields>
      <pins>
        <pin num="1" name="~MCLR" type="input"/>
        <pin num="2" name="AN0/OA2OUT/RA0" type="BiDi"/>
        <pin num="3" name="AN1/C2IN1+/RA1" type="BiDi"/>
        <pin num="4" name="PGED3/VREF-/AN2/C2IN1-/SS1/RPI32/CTED2/RB0" type="BiDi"/>
        <pin num="5" name="PGEC3/VREF+/AN3/OA1OUT/RPI33/CTED1/RB1" type="BiDi"/>
        <pin num="6" name="PGEC1/AN4/C1IN1+/RPI34/RB2" type="BiDi"/>
        <pin num="7" name="PGED1/AN5/C1IN1-/RP35/RB3" type="BiDi"/>
        <pin num="8" name="VSS" type="power_in"/>
        <pin num="9" name="OSC1/CLKI/RA2" type="BiDi"/>
        <pin num="10" name="OSC2/CLKO/RA3" type="BiDi"/>
        <pin num="11" name="FLT32/RP36/RB4" type="BiDi"/>
        <pin num="12" name="CVREF2O/RP20/T1CK/RA4" type="BiDi"/>
        <pin num="13" name="VDD" type="power_in"/>
        <pin num="14" name="PGED2/ASDA2/RP37/RB5" type="BiDi"/>
        <pin num="15" name="PGEC2/ASCL2/RP38/RB6" type="BiDi"/>
        <pin num="16" name="SCK1/RP39/INT0/RB7" type="BiDi"/>
        <pin num="17" name="TCK/CVREF1O/ASCL1/SDO1/RP40/T4CK/RB8" type="BiDi"/>
        <pin num="18" name="TMS/ASDA1/SDI1/RP41/RB9" type="BiDi"/>
        <pin num="19" name="VSS" type="power_in"/>
        <pin num="20" name="VCAP" type="power_in"/>
        <pin num="21" name="TDO/RP42/PWM3H/RB10" type="BiDi"/>
        <pin num="22" name="TDI/RP43/PWM3L/RB11" type="BiDi"/>
        <pin num="23" name="RPI44/PWM2H/RB12" type="BiDi"/>
        <pin num="24" name="RPI45/PWM2L/CTPLS/RB13" type="BiDi"/>
        <pin num="25" name="RPI46/PWM1H/T3CK/RB14" type="BiDi"/>
        <pin num="26" name="RPI47/PWM1L/T5CK/RB15" type="BiDi"/>
        <pin num="27" name="AVSS" type="power_in"/>
        <pin num="28" name="AVDD" type="power_in"/>
      </pins>
    </libpart>
    <libpart lib="Driver2_mosfet" part="Conn_02x05_Counter_Clockwise">
      <description>Generic connector, double row, 02x05, counter clockwise pin numbering scheme (similar to DIP packge numbering), script generated (kicad-library-utils/schlib/autogen/connector/)</description>
      <docs>~</docs>
      <footprints>
        <fp>Connector*:*_2x??_*</fp>
      </footprints>
      <fields>
        <field name="Reference">J</field>
        <field name="Value">Conn_02x05_Counter_Clockwise</field>
      </fields>
      <pins>
        <pin num="1" name="Pin_1" type="passive"/>
        <pin num="2" name="Pin_2" type="passive"/>
        <pin num="3" name="Pin_3" type="passive"/>
        <pin num="4" name="Pin_4" type="passive"/>
        <pin num="5" name="Pin_5" type="passive"/>
        <pin num="6" name="Pin_6" type="passive"/>
        <pin num="7" name="Pin_7" type="passive"/>
        <pin num="8" name="Pin_8" type="passive"/>
        <pin num="9" name="Pin_9" type="passive"/>
        <pin num="10" name="Pin_10" type="passive"/>
      </pins>
    </libpart>
    <libpart lib="Regulator_Linear" part="L7805">
      <aliases>
        <alias>L7806</alias>
        <alias>L7808</alias>
        <alias>L7885</alias>
        <alias>L7809</alias>
        <alias>L7812</alias>
        <alias>L7815</alias>
        <alias>L7818</alias>
        <alias>L7824</alias>
      </aliases>
      <description>Positive 1.5A 35V Linear Regulator, Fixed Output 5V, TO-220/TO-263/TO-252</description>
      <docs>http://www.st.com/content/ccc/resource/technical/document/datasheet/41/4f/b3/b0/12/d4/47/88/CD00000444.pdf/files/CD00000444.pdf/jcr:content/translations/en.CD00000444.pdf</docs>
      <footprints>
        <fp>TO?252*</fp>
        <fp>TO?263*</fp>
        <fp>TO?220*</fp>
      </footprints>
      <fields>
        <field name="Reference">U</field>
        <field name="Value">L7805</field>
      </fields>
      <pins>
        <pin num="1" name="IN" type="power_in"/>
        <pin num="2" name="GND" type="power_in"/>
        <pin num="3" name="OUT" type="power_out"/>
      </pins>
    </libpart>
    <libpart lib="Transistor_FET" part="FDS6890A">
      <aliases>
        <alias>FDS6892A</alias>
        <alias>FDS6898A</alias>
        <alias>FDS9926A</alias>
        <alias>STS2DNE60</alias>
        <alias>FDS6930A</alias>
        <alias>FDS6930B</alias>
      </aliases>
      <description>7.5A Id, 20V Vds, Dual N-Channel MOSFET, 18mOhm Ron, SO-8</description>
      <docs>http://www.fairchildsemi.com/ds/FD/FDS6890A.pdf</docs>
      <footprints>
        <fp>SOIC*3.9x4.9mm*P1.27mm*</fp>
      </footprints>
      <fields>
        <field name="Reference">Q</field>
        <field name="Value">FDS6890A</field>
        <field name="Footprint">Package_SO:SOIC-8_3.9x4.9mm_P1.27mm</field>
      </fields>
      <pins>
        <pin num="1" name="S1" type="passive"/>
        <pin num="2" name="G1" type="passive"/>
        <pin num="3" name="S2" type="passive"/>
        <pin num="4" name="G2" type="passive"/>
        <pin num="5" name="D2" type="passive"/>
        <pin num="6" name="D2" type="passive"/>
        <pin num="7" name="D1" type="passive"/>
        <pin num="8" name="D1" type="passive"/>
      </pins>
    </libpart>
    <libpart lib="pspice" part="R">
      <description>Resistor symbol for simulation only</description>
      <docs>~</docs>
      <fields>
        <field name="Reference">R</field>
        <field name="Value">R</field>
      </fields>
      <pins>
        <pin num="1" name="~" type="passive"/>
        <pin num="2" name="~" type="passive"/>
      </pins>
    </libpart>
  </libparts>
  <libraries>
    <library logical="74xx">
      <uri>C:\Program Files\KiCad\share\kicad\library/74xx.lib</uri>
    </library>
    <library logical="Amplifier_Operational">
      <uri>C:\Program Files\KiCad\share\kicad\library/Amplifier_Operational.lib</uri>
    </library>
    <library logical="Connector">
      <uri>C:\Program Files\KiCad\share\kicad\library/Connector.lib</uri>
    </library>
    <library logical="Device">
      <uri>C:\Program Files\KiCad\share\kicad\library/Device.lib</uri>
    </library>
    <library logical="Diode">
      <uri>C:\Program Files\KiCad\share\kicad\library/Diode.lib</uri>
    </library>
    <library logical="Driver2_Mosfet-rescue">
      <uri>E:\Projects\2020_10\KicadPCB_Malta\Driver2_Mosfet/Driver2_Mosfet-rescue.lib</uri>
    </library>
    <library logical="Driver2_mosfet">
      <uri>E:\Projects\2020_10\KicadPCB_Malta\Driver2_Mosfet/Driver2_mosfet.lib</uri>
    </library>
    <library logical="Regulator_Linear">
      <uri>C:\Program Files\KiCad\share\kicad\library/Regulator_Linear.lib</uri>
    </library>
    <library logical="Transistor_FET">
      <uri>C:\Program Files\KiCad\share\kicad\library/Transistor_FET.lib</uri>
    </library>
    <library logical="pspice">
      <uri>C:\Program Files\KiCad\share\kicad\library/pspice.lib</uri>
    </library>
  </libraries>
  <nets>
    <net code="1" name="Net-(R11-Pad2)">
      <node ref="R11" pin="2"/>
      <node ref="U1" pin="10"/>
    </net>
    <net code="2" name="MS5">
      <node ref="L1" pin="2"/>
      <node ref="CON6" pin="2"/>
      <node ref="L2" pin="1"/>
      <node ref="C21" pin="1"/>
      <node ref="R3" pin="2"/>
    </net>
    <net code="3" name="MS2">
      <node ref="R2" pin="1"/>
      <node ref="R36" pin="1"/>
      <node ref="TR1" pin="2"/>
    </net>
    <net code="4" name="GNDD">
      <node ref="R21" pin="2"/>
      <node ref="C15" pin="2"/>
      <node ref="D3" pin="1"/>
      <node ref="C13" pin="2"/>
      <node ref="C17" pin="1"/>
      <node ref="C19" pin="2"/>
      <node ref="C18" pin="2"/>
      <node ref="R7" pin="2"/>
      <node ref="C8" pin="2"/>
      <node ref="C4" pin="2"/>
      <node ref="C10" pin="1"/>
      <node ref="U5" pin="4"/>
      <node ref="R16" pin="2"/>
      <node ref="C14" pin="2"/>
      <node ref="CON2" pin="2"/>
      <node ref="C3" pin="1"/>
      <node ref="R5" pin="1"/>
      <node ref="U3" pin="19"/>
      <node ref="U3" pin="27"/>
      <node ref="U3" pin="8"/>
      <node ref="CON3" pin="3"/>
      <node ref="R19" pin="2"/>
      <node ref="CON4" pin="7"/>
      <node ref="D1" pin="2"/>
      <node ref="C6" pin="2"/>
      <node ref="C5" pin="2"/>
      <node ref="LED2" pin="1"/>
      <node ref="C1" pin="2"/>
      <node ref="C9" pin="2"/>
      <node ref="CON5" pin="10"/>
      <node ref="CON5" pin="9"/>
      <node ref="C16" pin="2"/>
      <node ref="C7" pin="2"/>
      <node ref="LED1" pin="1"/>
      <node ref="U2" pin="2"/>
      <node ref="D2" pin="2"/>
      <node ref="U1" pin="11"/>
      <node ref="CON1" pin="3"/>
      <node ref="D4" pin="1"/>
      <node ref="R8" pin="2"/>
      <node ref="R11" pin="1"/>
      <node ref="R10" pin="1"/>
      <node ref="C12" pin="2"/>
      <node ref="C11" pin="2"/>
      <node ref="U4" pin="7"/>
    </net>
    <net code="5" name="Net-(D2-Pad1)">
      <node ref="R3" pin="1"/>
      <node ref="D4" pin="2"/>
      <node ref="D2" pin="1"/>
      <node ref="U1" pin="9"/>
    </net>
    <net code="6" name="Net-(C2-Pad2)">
      <node ref="R7" pin="1"/>
      <node ref="R4" pin="2"/>
      <node ref="R6" pin="1"/>
      <node ref="U1" pin="6"/>
      <node ref="C2" pin="2"/>
    </net>
    <net code="7" name="Net-(C3-Pad2)">
      <node ref="R8" pin="1"/>
      <node ref="U1" pin="3"/>
      <node ref="R9" pin="1"/>
      <node ref="U1" pin="5"/>
      <node ref="C3" pin="2"/>
      <node ref="R5" pin="2"/>
    </net>
    <net code="8" name="AN4">
      <node ref="R4" pin="1"/>
      <node ref="U1" pin="7"/>
      <node ref="U3" pin="6"/>
      <node ref="C2" pin="1"/>
    </net>
    <net code="9" name="AN2">
      <node ref="U1" pin="14"/>
      <node ref="U3" pin="4"/>
    </net>
    <net code="10" name="AN3">
      <node ref="U1" pin="1"/>
      <node ref="U1" pin="2"/>
      <node ref="U3" pin="5"/>
    </net>
    <net code="11" name="AN5">
      <node ref="U3" pin="7"/>
      <node ref="U1" pin="8"/>
    </net>
    <net code="12" name="Net-(CON1-Pad2)">
      <node ref="CON1" pin="2"/>
      <node ref="FB1" pin="1"/>
    </net>
    <net code="13" name="Vdrive">
      <node ref="R9" pin="2"/>
      <node ref="R12" pin="2"/>
      <node ref="CON1" pin="1"/>
      <node ref="R13" pin="2"/>
    </net>
    <net code="14" name="RxD1">
      <node ref="U3" pin="24"/>
      <node ref="R25" pin="1"/>
    </net>
    <net code="15" name="TxD1">
      <node ref="U3" pin="16"/>
      <node ref="R26" pin="1"/>
    </net>
    <net code="16" name="nSS">
      <node ref="CON5" pin="7"/>
      <node ref="R34" pin="2"/>
      <node ref="U3" pin="10"/>
    </net>
    <net code="17" name="MOSI">
      <node ref="CON5" pin="3"/>
      <node ref="U3" pin="11"/>
    </net>
    <net code="18" name="SCK">
      <node ref="U3" pin="12"/>
      <node ref="CON5" pin="5"/>
    </net>
    <net code="19" name="Net-(BZ1-Pad1)">
      <node ref="BZ1" pin="1"/>
      <node ref="R35" pin="2"/>
    </net>
    <net code="20" name="AN0">
      <node ref="U3" pin="2"/>
      <node ref="R17" pin="2"/>
      <node ref="U5" pin="1"/>
    </net>
    <net code="21" name="AN1">
      <node ref="U3" pin="3"/>
      <node ref="U5" pin="6"/>
      <node ref="U5" pin="7"/>
    </net>
    <net code="22" name="Net-(R10-Pad2)">
      <node ref="U1" pin="12"/>
      <node ref="R10" pin="2"/>
    </net>
    <net code="23" name="+5VD">
      <node ref="C15" pin="1"/>
      <node ref="U4" pin="14"/>
      <node ref="CON4" pin="2"/>
      <node ref="CON5" pin="2"/>
      <node ref="C11" pin="1"/>
      <node ref="U2" pin="1"/>
      <node ref="FB1" pin="2"/>
      <node ref="D5" pin="1"/>
      <node ref="C7" pin="1"/>
    </net>
    <net code="24" name="Net-(D1-Pad1)">
      <node ref="R2" pin="2"/>
      <node ref="D1" pin="1"/>
      <node ref="U1" pin="13"/>
      <node ref="D3" pin="2"/>
    </net>
    <net code="25" name="Net-(CON4-Pad5)">
      <node ref="CON4" pin="5"/>
      <node ref="R26" pin="2"/>
    </net>
    <net code="26" name="Net-(CON4-Pad3)">
      <node ref="R25" pin="2"/>
      <node ref="CON4" pin="3"/>
    </net>
    <net code="27" name="Net-(C17-Pad2)">
      <node ref="CON4" pin="1"/>
      <node ref="C17" pin="2"/>
    </net>
    <net code="28" name="MS1">
      <node ref="U5" pin="5"/>
      <node ref="CON4" pin="10"/>
    </net>
    <net code="29" name="Net-(CON3-Pad1)">
      <node ref="R24" pin="1"/>
      <node ref="CON3" pin="1"/>
    </net>
    <net code="30" name="Net-(R24-Pad2)">
      <node ref="U3" pin="1"/>
      <node ref="R24" pin="2"/>
      <node ref="R27" pin="1"/>
    </net>
    <net code="31" name="Net-(CON3-Pad4)">
      <node ref="U3" pin="14"/>
      <node ref="CON3" pin="4"/>
    </net>
    <net code="32" name="Net-(CON3-Pad5)">
      <node ref="CON3" pin="5"/>
      <node ref="U3" pin="15"/>
    </net>
    <net code="33" name="Net-(CON3-Pad6)">
      <node ref="CON3" pin="6"/>
    </net>
    <net code="34" name="SCL">
      <node ref="CON4" pin="6"/>
      <node ref="U3" pin="17"/>
      <node ref="R31" pin="2"/>
    </net>
    <net code="35" name="Net-(CON4-Pad9)">
      <node ref="CON4" pin="9"/>
    </net>
    <net code="36" name="SDA">
      <node ref="U3" pin="18"/>
      <node ref="CON4" pin="8"/>
      <node ref="R29" pin="2"/>
    </net>
    <net code="37" name="Net-(LED2-Pad2)">
      <node ref="R30" pin="1"/>
      <node ref="LED2" pin="2"/>
    </net>
    <net code="38" name="RA2">
      <node ref="U3" pin="9"/>
      <node ref="R30" pin="2"/>
    </net>
    <net code="39" name="Net-(C14-Pad1)">
      <node ref="U5" pin="3"/>
      <node ref="R14" pin="2"/>
      <node ref="C14" pin="1"/>
      <node ref="CON2" pin="1"/>
    </net>
    <net code="40" name="ChY">
      <node ref="U3" pin="25"/>
      <node ref="BZ1" pin="2"/>
      <node ref="CON5" pin="8"/>
    </net>
    <net code="41" name="ChX">
      <node ref="CON5" pin="6"/>
      <node ref="U3" pin="26"/>
      <node ref="R35" pin="1"/>
    </net>
    <net code="42" name="MISO">
      <node ref="U3" pin="23"/>
      <node ref="CON5" pin="4"/>
    </net>
    <net code="43" name="QGB">
      <node ref="R19" pin="1"/>
      <node ref="R18" pin="1"/>
      <node ref="U3" pin="21"/>
      <node ref="R22" pin="1"/>
    </net>
    <net code="44" name="Net-(R15-Pad2)">
      <node ref="R16" pin="1"/>
      <node ref="R17" pin="1"/>
      <node ref="U5" pin="2"/>
      <node ref="R15" pin="2"/>
    </net>
    <net code="45" name="Net-(U4-Pad11)">
      <node ref="U4" pin="9"/>
      <node ref="U4" pin="11"/>
      <node ref="U4" pin="12"/>
    </net>
    <net code="46" name="Net-(R20-Pad2)">
      <node ref="U4" pin="13"/>
      <node ref="R20" pin="2"/>
    </net>
    <net code="47" name="Net-(R18-Pad2)">
      <node ref="U4" pin="1"/>
      <node ref="R18" pin="2"/>
    </net>
    <net code="48" name="QGA">
      <node ref="U3" pin="22"/>
      <node ref="R23" pin="1"/>
      <node ref="R21" pin="1"/>
      <node ref="R20" pin="1"/>
    </net>
    <net code="49" name="Net-(C10-Pad2)">
      <node ref="U3" pin="20"/>
      <node ref="C10" pin="2"/>
      <node ref="C6" pin="1"/>
    </net>
    <net code="50" name="Net-(Q1-Pad2)">
      <node ref="R32" pin="2"/>
      <node ref="Q1" pin="2"/>
    </net>
    <net code="51" name="Net-(D6-Pad1)">
      <node ref="Q1" pin="8"/>
      <node ref="Q1" pin="7"/>
      <node ref="D6" pin="1"/>
      <node ref="TR1" pin="6"/>
    </net>
    <net code="52" name="Net-(Q1-Pad4)">
      <node ref="Q1" pin="4"/>
      <node ref="R33" pin="2"/>
    </net>
    <net code="53" name="Net-(D7-Pad1)">
      <node ref="TR1" pin="10"/>
      <node ref="Q1" pin="5"/>
      <node ref="Q1" pin="6"/>
      <node ref="D7" pin="1"/>
    </net>
    <net code="54" name="GNDPWR">
      <node ref="D6" pin="2"/>
      <node ref="Q1" pin="3"/>
      <node ref="CON6" pin="1"/>
      <node ref="CON1" pin="4"/>
      <node ref="C21" pin="2"/>
      <node ref="L2" pin="2"/>
      <node ref="D7" pin="2"/>
      <node ref="C20" pin="2"/>
      <node ref="R36" pin="2"/>
      <node ref="Q1" pin="1"/>
    </net>
    <net code="55" name="Net-(C20-Pad1)">
      <node ref="TR1" pin="7"/>
      <node ref="FB3" pin="1"/>
      <node ref="C20" pin="1"/>
      <node ref="TR1" pin="9"/>
    </net>
    <net code="56" name="Net-(U4-Pad2)">
      <node ref="U4" pin="5"/>
      <node ref="U4" pin="3"/>
      <node ref="U4" pin="2"/>
    </net>
    <net code="57" name="Net-(R23-Pad2)">
      <node ref="R33" pin="1"/>
      <node ref="U4" pin="10"/>
      <node ref="U4" pin="8"/>
      <node ref="R23" pin="2"/>
    </net>
    <net code="58" name="Net-(R22-Pad2)">
      <node ref="U4" pin="6"/>
      <node ref="R32" pin="1"/>
      <node ref="U4" pin="4"/>
      <node ref="R22" pin="2"/>
    </net>
    <net code="59" name="VPP">
      <node ref="FB3" pin="2"/>
      <node ref="R6" pin="2"/>
      <node ref="R13" pin="1"/>
      <node ref="R12" pin="1"/>
    </net>
    <net code="60" name="Net-(C18-Pad1)">
      <node ref="R28" pin="2"/>
      <node ref="R27" pin="2"/>
      <node ref="C18" pin="1"/>
    </net>
    <net code="61" name="Net-(L1-Pad1)">
      <node ref="TR1" pin="4"/>
      <node ref="L1" pin="1"/>
    </net>
    <net code="62" name="Net-(LED1-Pad2)">
      <node ref="R1" pin="1"/>
      <node ref="LED1" pin="2"/>
    </net>
    <net code="63" name="Net-(C12-Pad1)">
      <node ref="U2" pin="3"/>
      <node ref="C13" pin="1"/>
      <node ref="FB2" pin="1"/>
      <node ref="C12" pin="1"/>
      <node ref="D5" pin="2"/>
    </net>
    <net code="64" name="+3V3">
      <node ref="U5" pin="8"/>
      <node ref="C9" pin="1"/>
      <node ref="R29" pin="1"/>
      <node ref="C4" pin="1"/>
      <node ref="R14" pin="1"/>
      <node ref="C16" pin="1"/>
      <node ref="C19" pin="1"/>
      <node ref="R15" pin="1"/>
      <node ref="U1" pin="4"/>
      <node ref="CON5" pin="1"/>
      <node ref="FB2" pin="2"/>
      <node ref="C8" pin="1"/>
      <node ref="R34" pin="1"/>
      <node ref="U3" pin="13"/>
      <node ref="CON3" pin="2"/>
      <node ref="R31" pin="1"/>
      <node ref="R28" pin="1"/>
      <node ref="U3" pin="28"/>
      <node ref="C1" pin="1"/>
      <node ref="CON4" pin="4"/>
      <node ref="R1" pin="2"/>
      <node ref="C5" pin="1"/>
    </net>
  </nets>
</export>
