Reference, Quantity, Value, Footprint, Datasheet, Characteristics, MFG, MFG#, Notes
C2 C3 C1 C5 C7 C9 C11 C12 C13 C14 C15 C4 C6 C8 C10 C16 C17 C18 C19 C20 C21 C22 C23 C25 C24 C29 C33 C32 C34 ,29,"100nF","WJJ_Passives:0402C","https://media.digikey.com/pdf/Data%20Sheets/Samsung%20PDFs/CL05B104KO5NNNC.pdf","CAP CER 0.1UF 16V X7R 0402","Samsung Electro-Mechanics","CL05B104KO5NNNC","1276-1001-1-ND"
C26 C30 C31 ,3,"10µF","WJJ_Passives:1206C","http://www.samsungsem.com/kr/support/product-search/mlcc/CL31A106KAHNNNE.jsp","CAP CER 10UF 25V X5R 1206","Samsung Electro-Mechanics","CL31A106KAHNNNE","1276-1075-1-ND"
C27 C28 ,2,"680nF","WJJ_Passives:0805C","http://www.samsungsem.com/kr/support/product-search/mlcc/CL21B684JOFNNNE.jsp","CAP CER 0.68UF 16V X7R 0805","Samsung Electro-Mechanics","CL21B684JOFNNNE","1276-2976-1-ND"
C35 C36 ,2,"22µF","WJJ_Passives:PANASONIC_KA_4MM","http://industrial.panasonic.com/www-cgi/jvcr13pz.cgi?E+PZ+3+ABA0020+ECEA1CKA220+7+WW","CAP ALUM 22UF 20% 16V RADIAL","Panasonic Electronic Components","ECE-A1CKA220","P808-ND"
D1 ,1,"BLUE","WJJ_Passives:5MM_LED","https://katalog.we-online.de/led/datasheet/151051BS04000.pdf","LED BLUE DIFFUSED 5MM ROUND T/H","Würth Elektronik","151051BS04000","732-5015-ND"
D10 ,1,"RED","WJJ_Passives:0603R","https://katalog.we-online.de/led/datasheet/150060RS75000.pdf","LED RED CLEAR 0603 SMD","Würth Elektronik","150060RS75000","732-4978-1-ND"
D3 D5 D2 D4 D6 D8 ,6,"KINGBRIGHT_SA10-21SRWA","WJJ_LED:KINGBRIGHT_SA10-21SRWA","http://www.kingbrightusa.com/images/catalog/SPEC/SA10-21SRWA.pdf","DISPLAY 7-SEG 1" SGL RED 10DIP","Kingbright","SA10-21SRWA","754-1683-5-ND"
D7 D9 ,2,"KINGBRIGHT_SA08-21SRWA","WJJ_LED:KINGBRIGHT_SA08-21SRWA","http://www.kingbrightusa.com/images/catalog/SPEC/SA08-21SRWA.pdf","DISPLAY 7-SEG 0.8" SGL RED 18DIP","Kingbright","SA08-21SRWA","754-1680-5-ND"
J1 J8 ,2,"GENERIC_6_PIN_B","WJJ_Connectors:0.1_HEADER-6B","http://www.adam-tech.com/downloader.php?p=PH1-XX-UA.pdf","CONN HEADER VERT 6POS 2.54MM","Adam Tech","PH1-06-UA","2057-PH1-06-UA-ND"
J2 J6 J5 J4 J3 ,5,"GENERIC_4_PIN_A","WJJ_Connectors:KYCON_GLX-N-44M","http://domino2.kycon.com/Pub_Eng_Draw/GLX-N-44M.pdf","CONN MOD JACK 4P4C R/A UNSHLD","Kycon, Inc.","GLX-N-44M","2092-GLX-N-44M-ND"
J7 ,1,"CUI_MJ-3536N","WJJ_Connectors:CUI_MJ-3536N","https://www.cuidevices.com/product/resource/digikeypdf/mj-3536n.pdf","CONN JACK MONO 3.5MM R/A","CUI Devices","MJ-3536N","CP-3536N-ND"
J9 ,1,"KYCON_KLDX-0202-A","WJJ_Connectors:KYCON_KLDX-0202-A","http://www.kycon.com/2013Catalogpage/DC%20Power/KLDX_0202_LT.pdf","CONN PWR JACK 2X5.5MM SOLDER","Kycon, Inc.","KLDX-0202-A","2092-KLDX-0202-A-ND"
L1 L2 ,2,"22µH","WJJ_Passives:1007","https://ds.yuden.co.jp/TYCOMPAS/ut/detail?pn=CB2518T220K%20%20&u=M","FIXED IND 22UH 580MA 650 MOHM","Taiyo Yuden","CB2518T220K","587-2190-1-ND"
L3 ,1,"3.9µH","WJJ_Passives:BOURNS_SDR0805_SERIES","https://www.bourns.com/docs/Product-Datasheets/SDR0805.pdf","FIXED IND 3.9UH 4.4A 20 MOHM SMD","Bourns Inc.","SDR0805-3R9ML","SDR0805-3R9MLCT-ND"
MH1 MH2 MH3 MH4 ,4,"6MM","WJJ_Mount_Holes:MM_6_HOLE",""
Q1 ,1,"DNBT8105","WJJ_IC:SOT_23-3","https://www.diodes.com/assets/Datasheets/ds30513.pdf","TRANS NPN 60V 1A SOT23-3","Diodes Incorporated","DNBT8105-7","DNBT8105DICT-ND"
Q2 ,1,"DPBT8105","WJJ_IC:SOT_23-3","https://www.diodes.com/assets/Datasheets/ds30514.pdf","TRANS PNP 60V 1A SOT23-3","Diodes Incorporated","DPBT8105-7","DPBT8105DICT-ND"
R1 ,1,"330Ω","WJJ_Passives:0402R","https://b2b-api.panasonic.eu/file_stream/pids/fileversion/1242","RES SMD 330 OHM 5% 1/10W 0402","Panasonic Electronic Components","ERJ-2GEJ331X","P330JCT-ND"
R2 R7 R5 R17 ,4,"10kΩ","WJJ_Passives:0402R","https://b2b-api.panasonic.eu/file_stream/pids/fileversion/1242","RES SMD 10K OHM 5% 1/10W 0402","Panasonic Electronic Components","ERJ-2GEJ103X","P10KJCT-ND"
R4 R3 R22 R21 R19 ,5,"100kΩ","WJJ_Passives:0402R","https://b2b-api.panasonic.eu/file_stream/pids/fileversion/1242","RES SMD 100K OHM 5% 1/10W 0402","Panasonic Electronic Components","ERJ-2GEJ104X","P100KJCT-ND"
R6 R18 R20 ,3,"1kΩ","WJJ_Passives:0402R","https://b2b-api.panasonic.eu/file_stream/pids/fileversion/1242","RES SMD 1K OHM 5% 1/10W 0402","Panasonic Electronic Components","ERJ-2GEJ102X","P1.0KJCT-ND"
R8 ,1,"470Ω","WJJ_Passives:0402R","https://b2b-api.panasonic.eu/file_stream/pids/fileversion/1242","RES SMD 470 OHM 5% 1/10W 0402","Panasonic Electronic Components","ERJ-2GEJ471X","P470JCT-ND"
R9 R11 R13 R15 R12 R14 R16 R10 ,8,"2.2kΩ,1%","WJJ_Passives:0402R","https://industrial.panasonic.com/cdbs/www-data/pdf/RDA0000/AOA0000C304.pdf","RES SMD 2.2K OHM 1% 1/10W 0402","Panasonic Electronic Components","ERJ-2RKF2201X","P2.20KLCT-ND"
RN2 RN1 ,2,"1kΩ","WJJ_Passives:PANASONIC_EXB38V_SERIES","https://industrial.panasonic.com/cdbs/www-data/pdf/AOC0000/AOC0000C14.pdf","RES ARRAY 4 RES 1K OHM 1206","Panasonic Electronic Components","EXB-38V102JV","Y9102CT-ND"
TP1 TP6 ,2,"3.3V","WJJ_Connectors:TESTPOINT",""
TP2 TP5 ,2,"BOOT0","WJJ_Connectors:TESTPOINT",""
TP3 ,1,"SPKR-","WJJ_Connectors:TESTPOINT",""
TP4 ,1,"SPKR+","WJJ_Connectors:TESTPOINT",""
TP7 TP8 ,2,"TESTPOINT","WJJ_Connectors:TESTPOINT",""
U1 ,1,"WINBOND_W25Q80DVSNIG","WJJ_IC:SOIC-8","http://www.winbond.com/resource-files/w25q80dv%20dl_revh_10022015.pdf","IC FLASH 8M SPI 104MHZ 8SOIC","Winbond Electronics","W25Q80DVSNIG","W25Q80DVSNIG-ND"
U11 ,1,"DIODES_PAM8301","WJJ_IC:SOT_23-6","PAM8301AAFDICT-ND","IC AMP CLASS D MONO 1.5W SOT23-6","Diodes Incorporated","PAM8301AAF","PAM8301AAFDICT-ND"
U12 ,1,"ESPRESSIF_ESP32­WROOM­32E","WJJ_IC:ESPRESSIF_ESP32-WROOM-32E","https://www.espressif.com/sites/default/files/documentation/esp32-wroom-32e_esp32-wroom-32ue_datasheet_en.pdf","RX TXRX MOD WIFI TRACE ANT SMD","Espressif Systems","ESP32-WROOM-32E (4MB)","1965-ESP32-WROOM-32E(4MB)CT-ND"
U13 ,1,"DIODES_AP63203","WJJ_IC:SOT_23-6","https://www.diodes.com/assets/Datasheets/AP63200-AP63201-AP63203-AP63205.pdf","IC REG BUCK 3.3V 2A TSOT26","Diodes Incorporated","AP63203WU-7","AP63203WU-7DICT-ND"
U2 ,1,"STM_STM32G071KxT","WJJ_IC:LQFP-32","https://www.st.com/resource/en/datasheet/stm32g071cb.pdf","16/32-BITS MICROS","STMicroelectronics","STM32G071KBT6","497-18355-ND"
U3 U5 U7 U9 U10 U8 U6 U4 ,8,"STM_STP08DP05","WJJ_IC:TSSOP-16","http://www.st.com/content/ccc/resource/technical/document/datasheet/07/d5/b8/c5/a6/32/4b/da/CD00156241.pdf/files/CD00156241.pdf/jcr:content/translations/en.CD00156241.pdf","IC LED DRIVER LIN 100MA 16TSSOP","STMicroelectronics","STP08DP05TTR","497-6029-1-ND"